{
  "Stores": [
    {
      "Division": "SUPERMARKETS",
      "Name": "Macarthur Central",
      "AddressLine1": "259 Queen Street",
      "Suburb": "Brisbane",
      "State": "QLD",
      "Postcode": "4000"
    },
    {
      "Division": "SUPERMARKETS",
      "Name": "Ann St Metro",
      "AddressLine1": "255 Ann St",
      "Suburb": "Brisbane",
      "State": "QLD",
      "Postcode": "4000"
    },
    {
      "Division": "SUPERMARKETS",
      "Name": "Tank St (Metro)",
      "AddressLine1": "414 George St",
      "Suburb": "Brisbane",
      "State": "QLD",
      "Postcode": "4000"
    },
    {
      "Division": "SUPERMARKETS",
      "Name": "Fish Lane (Metro)",
      "AddressLine1": "Shop 1, 49 Melbourne Street, South Brisbane",
      "Suburb": "South Brisbane",
      "State": "QLD",
      "Postcode": "4101"
    },
    {
      "Division": "SUPERMARKETS",
      "Name": "Spring Hill (Metro)",
      "AddressLine1": "365 Turbot St",
      "Suburb": "Spring Hill",
      "State": "QLD",
      "Postcode": "4000"
    },
    {
      "Division": "SUPERMARKETS",
      "Name": "Southpoint Metro",
      "AddressLine1": "217 Grey St",
      "Suburb": "South Brisbane",
      "State": "QLD",
      "Postcode": "4101"
    },
    {
      "Division": "SUPERMARKETS",
      "Name": "Fortitude Valley (Metro)",
      "AddressLine1": "CNR Alfred and Brunswick St",
      "Suburb": "Fortitude Valley",
      "State": "QLD",
      "Postcode": "4006"
    },
    {
      "Division": "SUPERMARKETS",
      "Name": "West Village",
      "AddressLine1": "21 Mollison Street",
      "Suburb": "West End",
      "State": "QLD",
      "Postcode": "4101"
    },
    {
      "Division": "SUPERMARKETS",
      "Name": "Kelvin Grove (Metro)",
      "AddressLine1": "57 Musk Ave",
      "Suburb": "Kelvin Grove",
      "State": "QLD",
      "Postcode": "4059"
    },
    {
      "Division": "SUPERMARKETS",
      "Name": "Teneriffe Metro",
      "AddressLine1": "105 - 109 Commercial Rd",
      "Suburb": "Teneriffe",
      "State": "QLD",
      "Postcode": "4005"
    },
    {
      "Division": "SUPERMARKETS",
      "Name": "Newstead",
      "AddressLine1": "76 Skyring Terrace",
      "Suburb": "Newstead",
      "State": "QLD",
      "Postcode": "4006"
    },
    {
      "Division": "SUPERMARKETS",
      "Name": "South/City/SQ Woolloongabba",
      "AddressLine1": "148 Logan Road",
      "Suburb": "Woolloongabba",
      "State": "QLD",
      "Postcode": "4102"
    },
    {
      "Division": "SUPERMARKETS",
      "Name": "Montague Markets West End",
      "AddressLine1": "Cnr Montague Rd & Ferry Rd",
      "Suburb": "West End",
      "State": "QLD",
      "Postcode": "4101"
    },
    {
      "Division": "SUPERMARKETS",
      "Name": "Paddington",
      "AddressLine1": "107 Latrobe Terrace",
      "Suburb": "Paddington",
      "State": "QLD",
      "Postcode": "4064"
    },
    {
      "Division": "SUPERMARKETS",
      "Name": "Buranda",
      "AddressLine1": "264 Ipswich Road",
      "Suburb": "Buranda",
      "State": "QLD",
      "Postcode": "4102"
    },
    {
      "Division": "SUPERMARKETS",
      "Name": "Toowong Village",
      "AddressLine1": "8 Sherwood Rd",
      "Suburb": "Toowong",
      "State": "QLD",
      "Postcode": "4066"
    },
    {
      "Division": "SUPERMARKETS",
      "Name": "Bulimba",
      "AddressLine1": "Cnr Oxford And Duke Street",
      "Suburb": "Bulimba",
      "State": "QLD",
      "Postcode": "4171"
    },
    {
      "Division": "SUPERMARKETS",
      "Name": "Coorparoo",
      "AddressLine1": "41 Harries Road",
      "Suburb": "Coorparoo",
      "State": "QLD",
      "Postcode": "4151"
    },
    {
      "Division": "SUPERMARKETS",
      "Name": "Ashgrove",
      "AddressLine1": "16 Ashgrove Avenue",
      "Suburb": "Ashgrove",
      "State": "QLD",
      "Postcode": "4060"
    },
    {
      "Division": "SUPERMARKETS",
      "Name": "Annerley",
      "AddressLine1": "504 Ipswich Road",
      "Suburb": "Annerley",
      "State": "QLD",
      "Postcode": "4103"
    },
    {
      "Division": "SUPERMARKETS",
      "Name": "Hamilton Harbour (Metro)",
      "AddressLine1": "485 Kingsford Smith Dr",
      "Suburb": "Hamilton",
      "State": "QLD",
      "Postcode": "4007"
    },
    {
      "Division": "SUPERMARKETS",
      "Name": "Lutwyche",
      "AddressLine1": "Lutwyche City Shopping Centre 543 Lutwyche Road",
      "Suburb": "Lutwyche",
      "State": "QLD",
      "Postcode": "4030"
    },
    {
      "Division": "SUPERMARKETS",
      "Name": "Morningside",
      "AddressLine1": "Cnr Wynnum And Junction Roads",
      "Suburb": "Morningside",
      "State": "QLD",
      "Postcode": "4170"
    },
    {
      "Division": "SUPERMARKETS",
      "Name": "Indooroopilly",
      "AddressLine1": "Cnr Moggill Rd & Stamford Rd",
      "Suburb": "Indooroopilly",
      "State": "QLD",
      "Postcode": "4068"
    },
    {
      "Division": "SUPERMARKETS",
      "Name": "Camp Hill",
      "AddressLine1": "Cnr Ara And Thomas Street",
      "Suburb": "Camp Hill",
      "State": "QLD",
      "Postcode": "4152"
    },
    {
      "Division": "SUPERMARKETS",
      "Name": "Yeerongpilly",
      "AddressLine1": "250 King Arthur Terrace",
      "Suburb": "Yeerongpilly",
      "State": "QLD",
      "Postcode": "4105"
    },
    {
      "Division": "SUPERMARKETS",
      "Name": "Ascot BRC",
      "AddressLine1": "188 Nudgee Road",
      "Suburb": "Ascot",
      "State": "QLD",
      "Postcode": "4007"
    },
    {
      "Division": "SUPERMARKETS",
      "Name": "Stafford",
      "AddressLine1": "400 Stafford Road",
      "Suburb": "Stafford",
      "State": "QLD",
      "Postcode": "4053"
    },
    {
      "Division": "SUPERMARKETS",
      "Name": "Moorooka",
      "AddressLine1": "Cnr Beaudesert Road And Durack Street",
      "Suburb": "Moorooka",
      "State": "QLD",
      "Postcode": "4105"
    },
    {
      "Division": "SUPERMARKETS",
      "Name": "Cannon Hill",
      "AddressLine1": "1145 Wynnum Road",
      "Suburb": "Cannon Hill",
      "State": "QLD",
      "Postcode": "4170"
    },
    {
      "Division": "SUPERMARKETS",
      "Name": "Everton Park",
      "AddressLine1": "768 Stafford Road",
      "Suburb": "Everton Park",
      "State": "QLD",
      "Postcode": "4053"
    },
    {
      "Division": "SUPERMARKETS",
      "Name": "Brookside (Mitchelton)",
      "AddressLine1": "159 Osborne Road",
      "Suburb": "Michelton",
      "State": "QLD",
      "Postcode": "4053"
    },
    {
      "Division": "SUPERMARKETS",
      "Name": "Sherwood",
      "AddressLine1": "686 Sherwood Road",
      "Suburb": "Sherwood",
      "State": "QLD",
      "Postcode": "4075"
    },
    {
      "Division": "SUPERMARKETS",
      "Name": "Nundah",
      "AddressLine1": "87 Buckland Road",
      "Suburb": "Nundah",
      "State": "QLD",
      "Postcode": "4012"
    },
    {
      "Division": "SUPERMARKETS",
      "Name": "Skygate (Brisbane Airport)",
      "AddressLine1": "Village Centre, 1 Airport Drive",
      "Suburb": "Brisbane Airport",
      "State": "QLD",
      "Postcode": "4007"
    },
    {
      "Division": "SUPERMARKETS",
      "Name": "Carindale",
      "AddressLine1": "1151 Creek Road",
      "Suburb": "Carindale",
      "State": "QLD",
      "Postcode": "4152"
    },
    {
      "Division": "SUPERMARKETS",
      "Name": "Kenmore",
      "AddressLine1": "Kenmore Tavern Plaza, 841 Moggill Road",
      "Suburb": "Kenmore",
      "State": "QLD",
      "Postcode": "4069"
    },
    {
      "Division": "SUPERMARKETS",
      "Name": "Rode Road (Metro)",
      "AddressLine1": "Rode Shopping Centre, 261 Appleby Rd, Stafford Heights QLD 4053",
      "Suburb": "Stafford Heights",
      "State": "QLD",
      "Postcode": "4053"
    },
    {
      "Division": "SUPERMARKETS",
      "Name": "North West Plaza",
      "AddressLine1": "97 Flockton Street",
      "Suburb": "Everton Park",
      "State": "QLD",
      "Postcode": "4053"
    },
    {
      "Division": "SUPERMARKETS",
      "Name": "Mountain View (Mt Gravatt Plaza)",
      "AddressLine1": "Mt Gravatt Plaza, Cnr Creek And Logan Roads",
      "Suburb": "Mt Gravatt",
      "State": "QLD",
      "Postcode": "4122"
    },
    {
      "Division": "SUPERMARKETS",
      "Name": "Keperra",
      "AddressLine1": "1028 Samford Road",
      "Suburb": "Keperra",
      "State": "QLD",
      "Postcode": "4054"
    },
    {
      "Division": "SUPERMARKETS",
      "Name": "Chermside Central",
      "AddressLine1": "395 Gympie Road",
      "Suburb": "Chermside",
      "State": "QLD",
      "Postcode": "4032"
    },
    {
      "Division": "SUPERMARKETS",
      "Name": "Belmont (Metro)",
      "AddressLine1": "185 Belmont Rd, Belmont, QLD, 4153",
      "Suburb": "Belmont",
      "State": "QLD",
      "Postcode": "4153"
    },
    {
      "Division": "SUPERMARKETS",
      "Name": "Oxley",
      "AddressLine1": "Oxley Station Road",
      "Suburb": "Oxley",
      "State": "QLD",
      "Postcode": "4075"
    },
    {
      "Division": "SUPERMARKETS",
      "Name": "Chermside Marketplace",
      "AddressLine1": "Chermside Market Shopping Centre, Cnr Webster And Gympie Roads",
      "Suburb": "Chermside",
      "State": "QLD",
      "Postcode": "4032"
    },
    {
      "Division": "SUPERMARKETS",
      "Name": "Banyo",
      "AddressLine1": "279 Tufnell Road",
      "Suburb": "Banyo",
      "State": "QLD",
      "Postcode": "4014"
    },
    {
      "Division": "SUPERMARKETS",
      "Name": "Garden City (Upper Mt Gravatt)",
      "AddressLine1": "2049 Logan Road",
      "Suburb": "Upper Mt Gravatt",
      "State": "QLD",
      "Postcode": "4122"
    },
    {
      "Division": "SUPERMARKETS",
      "Name": "Acacia Ridge",
      "AddressLine1": "1150 Beaudesert Road",
      "Suburb": "Acacia Ridge",
      "State": "QLD",
      "Postcode": "4110"
    },
    {
      "Division": "SUPERMARKETS",
      "Name": "Sunnybank",
      "AddressLine1": "Sunny Park Shopping Centre, Cnr Mains Road And Mccullough Street",
      "Suburb": "Sunnybank",
      "State": "QLD",
      "Postcode": "4109"
    },
    {
      "Division": "SUPERMARKETS",
      "Name": "Mt Ommaney",
      "AddressLine1": "171 Dandenong Road",
      "Suburb": "Mount Ommaney",
      "State": "QLD",
      "Postcode": "4074"
    },
    {
      "Division": "SUPERMARKETS",
      "Name": "Aspley",
      "AddressLine1": "59 Albany Creek Rd",
      "Suburb": "Aspley",
      "State": "QLD",
      "Postcode": "4034"
    },
    {
      "Division": "SUPERMARKETS",
      "Name": "Darra",
      "AddressLine1": "166 Monier Road",
      "Suburb": "Darra",
      "State": "QLD",
      "Postcode": "4076"
    },
    {
      "Division": "SUPERMARKETS",
      "Name": "Rochedale CFC",
      "AddressLine1": "11 Interchange Place",
      "Suburb": "Rochedale",
      "State": "QLD",
      "Postcode": "4123"
    },
    {
      "Division": "SUPERMARKETS",
      "Name": "Wynnum",
      "AddressLine1": "Wynnum Plaza Shopping Centre, 2021 Wynnum Road",
      "Suburb": "Wynnum West",
      "State": "QLD",
      "Postcode": "4178"
    },
    {
      "Division": "SUPERMARKETS",
      "Name": "Manly West",
      "AddressLine1": "Cnr Manly And Hargreaves Roads",
      "Suburb": "Manly",
      "State": "QLD",
      "Postcode": "4179"
    },
    {
      "Division": "SUPERMARKETS",
      "Name": "Taigum",
      "AddressLine1": "217 Beams Road",
      "Suburb": "Taigum",
      "State": "QLD",
      "Postcode": "4018"
    },
    {
      "Division": "SUPERMARKETS",
      "Name": "Albany Creek",
      "AddressLine1": "Cnr Old Northern Road And Albany Forest Drive",
      "Suburb": "Albany Creek",
      "State": "QLD",
      "Postcode": "4035"
    },
    {
      "Division": "SUPERMARKETS",
      "Name": "Carseldine",
      "AddressLine1": "735 Beams Road",
      "Suburb": "Carseldine",
      "State": "QLD",
      "Postcode": "4034"
    },
    {
      "Division": "SUPERMARKETS",
      "Name": "Eight Mile Plains",
      "AddressLine1": "261 Warrigal Road",
      "Suburb": "Eight Mile Plains",
      "State": "QLD",
      "Postcode": "4113"
    },
    {
      "Division": "SUPERMARKETS",
      "Name": "Wynnum Central",
      "AddressLine1": "145 Florence St",
      "Suburb": "Wynnum",
      "State": "QLD",
      "Postcode": "4178"
    },
    {
      "Division": "SUPERMARKETS",
      "Name": "Inala",
      "AddressLine1": "Civic Centre, Cnr Kittyhawke And Corsair Streets",
      "Suburb": "Inala",
      "State": "QLD",
      "Postcode": "4077"
    },
    {
      "Division": "SUPERMARKETS",
      "Name": "Richlands",
      "AddressLine1": "495 Archerfield Road",
      "Suburb": "Richlands",
      "State": "QLD",
      "Postcode": "4077"
    },
    {
      "Division": "SUPERMARKETS",
      "Name": "Sunnybank Hills",
      "AddressLine1": "Sunnybank Hills Shopping Centre, Cnr Calam And Compton Roads",
      "Suburb": "Sunnybank Hills",
      "State": "QLD",
      "Postcode": "4109"
    },
    {
      "Division": "SUPERMARKETS",
      "Name": "Eatons Hill",
      "AddressLine1": "640 South Pine Road",
      "Suburb": "Brendale",
      "State": "QLD",
      "Postcode": "4500"
    },
    {
      "Division": "SUPERMARKETS",
      "Name": "Calamvale North",
      "AddressLine1": "678 Compton Road",
      "Suburb": "Calamvale",
      "State": "QLD",
      "Postcode": "4116"
    },
    {
      "Division": "SUPERMARKETS",
      "Name": "Doolandella",
      "AddressLine1": "943 Blunder Road",
      "Suburb": "Doolandella",
      "State": "QLD",
      "Postcode": "4077"
    },
    {
      "Division": "SUPERMARKETS",
      "Name": "Bracken Ridge",
      "AddressLine1": "154 Barrett Street",
      "Suburb": "Bracken Ridge",
      "State": "QLD",
      "Postcode": "4017"
    },
    {
      "Division": "SUPERMARKETS",
      "Name": "Sandgate",
      "AddressLine1": "8 Lagoon Street",
      "Suburb": "Sandgate",
      "State": "QLD",
      "Postcode": "4017"
    },
    {
      "Division": "SUPERMARKETS",
      "Name": "Underwood (Kuraby)",
      "AddressLine1": "Cnr Logan Road And Beenleigh Road",
      "Suburb": "Underwood",
      "State": "QLD",
      "Postcode": "4119"
    },
    {
      "Division": "SUPERMARKETS",
      "Name": "Capalaba Park",
      "AddressLine1": "Cnr Redland Bay And Mount Cotton Roads",
      "Suburb": "Capalaba",
      "State": "QLD",
      "Postcode": "4157"
    },
    {
      "Division": "SUPERMARKETS",
      "Name": "Capalaba",
      "AddressLine1": "Capalaba Central, Cnr Old Cleveland And Moreton Bay Roads",
      "Suburb": "Capalaba",
      "State": "QLD",
      "Postcode": "4157"
    },
    {
      "Division": "SUPERMARKETS",
      "Name": "Calamvale",
      "AddressLine1": "2625 Beaudesert Road",
      "Suburb": "Calamvale",
      "State": "QLD",
      "Postcode": "4116"
    },
    {
      "Division": "SUPERMARKETS",
      "Name": "Forest Lake",
      "AddressLine1": "235 Forest Lake Boulevard",
      "Suburb": "Forest Lake",
      "State": "QLD",
      "Postcode": "4078"
    },
    {
      "Division": "SUPERMARKETS",
      "Name": "Strathpine",
      "AddressLine1": "Westfield Shopping Centre, 295 Gympie Road",
      "Suburb": "Strathpine",
      "State": "QLD",
      "Postcode": "4500"
    },
    {
      "Division": "SUPERMARKETS",
      "Name": "Springwood",
      "AddressLine1": "34 Fitzgerald Avenue",
      "Suburb": "Springwood",
      "State": "QLD",
      "Postcode": "4127"
    },
    {
      "Division": "SUPERMARKETS",
      "Name": "Birkdale",
      "AddressLine1": "Birkdale Fair Shopping Centre, Cnr Birkdale Road And Mary Pleasant Drive",
      "Suburb": "Birkdale",
      "State": "QLD",
      "Postcode": "4159"
    },
    {
      "Division": "SUPERMARKETS",
      "Name": "Goodna",
      "AddressLine1": "St Ives Shopping Centre, 2 Smith Road",
      "Suburb": "Goodna",
      "State": "QLD",
      "Postcode": "4300"
    },
    {
      "Division": "SUPERMARKETS",
      "Name": "Alexandra Hills",
      "AddressLine1": "71 Cambridge Drive",
      "Suburb": "Alexandra Hills",
      "State": "QLD",
      "Postcode": "4161"
    },
    {
      "Division": "SUPERMARKETS",
      "Name": "Warner",
      "AddressLine1": "353 Samsonvale Road",
      "Suburb": "Warner",
      "State": "QLD",
      "Postcode": "4500"
    },
    {
      "Division": "SUPERMARKETS",
      "Name": "Browns Plains Westpoint",
      "AddressLine1": "8-24 Browns Plains Road",
      "Suburb": "Browns Plains",
      "State": "QLD",
      "Postcode": "4118"
    },
    {
      "Division": "SUPERMARKETS",
      "Name": "Chatswood Hills",
      "AddressLine1": "Cnr Chatswood Road And Magellan Street",
      "Suburb": "Daisy Hill",
      "State": "QLD",
      "Postcode": "4127"
    },
    {
      "Division": "SUPERMARKETS",
      "Name": "Logan Central",
      "AddressLine1": "Cnr Kingston And Wembley Roads",
      "Suburb": "Woodridge",
      "State": "QLD",
      "Postcode": "4114"
    },
    {
      "Division": "SUPERMARKETS",
      "Name": "Browns Plains",
      "AddressLine1": "27-49 Browns Plains Road",
      "Suburb": "Browns Plains",
      "State": "QLD",
      "Postcode": "4118"
    },
    {
      "Division": "SUPERMARKETS",
      "Name": "Petrie",
      "AddressLine1": "15 Dayboro Road",
      "Suburb": "Petrie",
      "State": "QLD",
      "Postcode": "4502"
    },
    {
      "Division": "SUPERMARKETS",
      "Name": "Marsden Fifth Avenue",
      "AddressLine1": "Browns Plains Road and Fifth Avenue",
      "Suburb": "Marsden",
      "State": "QLD",
      "Postcode": "4132"
    },
    {
      "Division": "SUPERMARKETS",
      "Name": "Collingwood Park",
      "AddressLine1": "157 Collingwood Drive",
      "Suburb": "Collingwood Park",
      "State": "QLD",
      "Postcode": "4301"
    },
    {
      "Division": "SUPERMARKETS",
      "Name": "Kallangur Fair",
      "AddressLine1": "1473 Anzac Avenue",
      "Suburb": "Kallangur",
      "State": "QLD",
      "Postcode": "4503"
    },
    {
      "Division": "SUPERMARKETS",
      "Name": "Meadowbrook",
      "AddressLine1": "Loganlea Road",
      "Suburb": "Meadowbrook",
      "State": "QLD",
      "Postcode": "4131"
    },
    {
      "Division": "SUPERMARKETS",
      "Name": "Cleveland",
      "AddressLine1": "91 Middle Street",
      "Suburb": "Cleveland",
      "State": "QLD",
      "Postcode": "4163"
    },
    {
      "Division": "SUPERMARKETS",
      "Name": "Redbank Plains",
      "AddressLine1": "Cnr Redbank Plains And Keidges Rds",
      "Suburb": "Redbank Plains",
      "State": "QLD",
      "Postcode": "4301"
    },
    {
      "Division": "SUPERMARKETS",
      "Name": "Karalee",
      "AddressLine1": "Cnr Junction Road And Langlands Street",
      "Suburb": "Karalee",
      "State": "QLD",
      "Postcode": "4306"
    },
    {
      "Division": "SUPERMARKETS",
      "Name": "Park Ridge",
      "AddressLine1": "3732-3744 Mount Lindesay Highway",
      "Suburb": "Park Ridge",
      "State": "QLD",
      "Postcode": "4125"
    },
    {
      "Division": "SUPERMARKETS",
      "Name": "Brookwater",
      "AddressLine1": "2 Tournament Drive",
      "Suburb": "Brookwater",
      "State": "QLD",
      "Postcode": "4300"
    },
    {
      "Division": "SUPERMARKETS",
      "Name": "North Lakes",
      "AddressLine1": "Cnr Anzac Ave & North Lakes Drive",
      "Suburb": "North Lakes",
      "State": "QLD",
      "Postcode": "4509"
    },
    {
      "Division": "SUPERMARKETS",
      "Name": "Loganholme",
      "AddressLine1": "Cnr Bryants Rd & Pacific Hwy",
      "Suburb": "Shailer Park",
      "State": "QLD",
      "Postcode": "4129"
    },
    {
      "Division": "SUPERMARKETS",
      "Name": "Springfield",
      "AddressLine1": "Springfield Shopping Centre, 1 Main Street",
      "Suburb": "Springfield",
      "State": "QLD",
      "Postcode": "4300"
    },
    {
      "Division": "SUPERMARKETS",
      "Name": "Margate",
      "AddressLine1": "270 Oxley Avenue",
      "Suburb": "Margate",
      "State": "QLD",
      "Postcode": "4019"
    },
    {
      "Division": "SUPERMARKETS",
      "Name": "Dakabin",
      "AddressLine1": "Cnr Old Gympie Road and Alma Road",
      "Suburb": "Dakabin",
      "State": "QLD",
      "Postcode": "4503"
    },
    {
      "Division": "SUPERMARKETS",
      "Name": "Logan Reserve",
      "AddressLine1": "450-458 Chambers Flat Road",
      "Suburb": "Logan Reserve",
      "State": "QLD",
      "Postcode": "4133"
    },
    {
      "Division": "SUPERMARKETS",
      "Name": "Cornubia",
      "AddressLine1": "Cnr Bryants Rd & Beenleigh-Redland Bay Rd",
      "Suburb": "Cornubia",
      "State": "QLD",
      "Postcode": "4130"
    },
    {
      "Division": "SUPERMARKETS",
      "Name": "Redbank Plains Mountview",
      "AddressLine1": "171-193 School Rd",
      "Suburb": "Redbank Plains",
      "State": "QLD",
      "Postcode": "4301"
    },
    {
      "Division": "SUPERMARKETS",
      "Name": "Kippa Ring",
      "AddressLine1": "Kippa Ring Shopping Centre, 284 Anzac Avenue",
      "Suburb": "Kippa Ring",
      "State": "QLD",
      "Postcode": "4021"
    },
    {
      "Division": "SUPERMARKETS",
      "Name": "Redcliffe",
      "AddressLine1": "20 Anzac Avenue",
      "Suburb": "Redcliffe",
      "State": "QLD",
      "Postcode": "4020"
    },
    {
      "Division": "SUPERMARKETS",
      "Name": "Victoria Point",
      "AddressLine1": "Koala Park Shopping Centre, 2-34 Bunker Road",
      "Suburb": "Victoria Point",
      "State": "QLD",
      "Postcode": "4165"
    },
    {
      "Division": "SUPERMARKETS",
      "Name": "Booval",
      "AddressLine1": "Cnr Brisbane Road and Station Road",
      "Suburb": "Booval",
      "State": "QLD",
      "Postcode": "4304"
    },
    {
      "Division": "SUPERMARKETS",
      "Name": "Victoria Point East",
      "AddressLine1": "Cnr Colburn Ave, Cleveland - Redland Bay Road",
      "Suburb": "Victoria Point",
      "State": "QLD",
      "Postcode": "4165"
    },
    {
      "Division": "SUPERMARKETS",
      "Name": "Rothwell",
      "AddressLine1": "763 Deception Bay Road",
      "Suburb": "Rothwell",
      "State": "QLD",
      "Postcode": "4022"
    },
    {
      "Division": "SUPERMARKETS",
      "Name": "Greenbank",
      "AddressLine1": "Cnr Pub Lane And Teviot Road",
      "Suburb": "Greenbank",
      "State": "QLD",
      "Postcode": "4124"
    },
    {
      "Division": "SUPERMARKETS",
      "Name": "Holmview",
      "AddressLine1": "Crn Logan River Road and Gardiner Road",
      "Suburb": "Holmview",
      "State": "QLD",
      "Postcode": "4207"
    },
    {
      "Division": "SUPERMARKETS",
      "Name": "Ipswich Riverlink",
      "AddressLine1": "Cnr Pine Street And The Terrace",
      "Suburb": "Ipswich",
      "State": "QLD",
      "Postcode": "4305"
    },
    {
      "Division": "SUPERMARKETS",
      "Name": "Deception Bay",
      "AddressLine1": "Deception Bay Marketplace, 1 Bay Avenue",
      "Suburb": "Deception Bay",
      "State": "QLD",
      "Postcode": "4508"
    },
    {
      "Division": "SUPERMARKETS",
      "Name": "Brassall",
      "AddressLine1": "66 Hunter Street",
      "Suburb": "Brassall",
      "State": "QLD",
      "Postcode": "4305"
    },
    {
      "Division": "SUPERMARKETS",
      "Name": "Redland Bay",
      "AddressLine1": "Redland Bay Shopping Village, 133 Broadwater Terrace",
      "Suburb": "Redland Bay",
      "State": "QLD",
      "Postcode": "4165"
    },
    {
      "Division": "SUPERMARKETS",
      "Name": "Beenleigh",
      "AddressLine1": "Beenleigh Market Place, 114-118 George Street",
      "Suburb": "Beenleigh",
      "State": "QLD",
      "Postcode": "4207"
    },
    {
      "Division": "SUPERMARKETS",
      "Name": "Logan Village",
      "AddressLine1": "Cnr North & Albert Streets",
      "Suburb": "Logan Village",
      "State": "QLD",
      "Postcode": "4207"
    },
    {
      "Division": "SUPERMARKETS",
      "Name": "Narangba",
      "AddressLine1": "Cnr Young Road And Golden Wattle Drive",
      "Suburb": "Narangba",
      "State": "QLD",
      "Postcode": "4504"
    },
    {
      "Division": "SUPERMARKETS",
      "Name": "Yamanto",
      "AddressLine1": "Cnr Warwick Road And Cunningham Highway",
      "Suburb": "Yamanto",
      "State": "QLD",
      "Postcode": "4305"
    },
    {
      "Division": "SUPERMARKETS",
      "Name": "Bannockburn",
      "AddressLine1": "9 Bannockburn Road",
      "Suburb": "Bannockburn",
      "State": "QLD",
      "Postcode": "4207"
    },
    {
      "Division": "SUPERMARKETS",
      "Name": "Burpengary",
      "AddressLine1": "167 Station Road",
      "Suburb": "Burpengary",
      "State": "QLD",
      "Postcode": "4505"
    },
    {
      "Division": "SUPERMARKETS",
      "Name": "Fernvale",
      "AddressLine1": "1455 Brisbane Valley Highway",
      "Suburb": "Fernvale",
      "State": "QLD",
      "Postcode": "4306"
    },
    {
      "Division": "SUPERMARKETS",
      "Name": "Flagstone",
      "AddressLine1": "Cnr Bushman Drive & Homestead Drive",
      "Suburb": "Flagstone",
      "State": "QLD",
      "Postcode": "4344"
    },
    {
      "Division": "SUPERMARKETS",
      "Name": "Morayshire",
      "AddressLine1": "Morayfield Supa Centre, 312-344 Morayfield Rd",
      "Suburb": "Morayfield",
      "State": "QLD",
      "Postcode": "4506"
    },
    {
      "Division": "SUPERMARKETS",
      "Name": "Jimboomba",
      "AddressLine1": "Cnr Cusack Lane And Johanna Street",
      "Suburb": "Jimboomba",
      "State": "QLD",
      "Postcode": "4280"
    },
    {
      "Division": "SUPERMARKETS",
      "Name": "Ormeau",
      "AddressLine1": "19-21 Peachey Road",
      "Suburb": "Ormeau",
      "State": "QLD",
      "Postcode": "4208"
    },
    {
      "Division": "SUPERMARKETS",
      "Name": "Morayfield",
      "AddressLine1": "165-175 Morayfield Road",
      "Suburb": "Morayfield",
      "State": "QLD",
      "Postcode": "4506"
    },
    {
      "Division": "SUPERMARKETS",
      "Name": "Caboolture South",
      "AddressLine1": "62 Morayfield Road, Cnr Market Drive",
      "Suburb": "Morayfield",
      "State": "QLD",
      "Postcode": "4510"
    },
    {
      "Division": "SUPERMARKETS",
      "Name": "Bellmere",
      "AddressLine1": "96 - 110 Bellmere Rd",
      "Suburb": "Bellmere",
      "State": "QLD",
      "Postcode": "4510"
    },
    {
      "Division": "SUPERMARKETS",
      "Name": "Central Lakes",
      "AddressLine1": "Cnr Mckean St And Pettigrew St",
      "Suburb": "Caboolture",
      "State": "QLD",
      "Postcode": "4510"
    },
    {
      "Division": "SUPERMARKETS",
      "Name": "Bribie Island",
      "AddressLine1": "Cnr Goodwin Drive And Hornsby Road",
      "Suburb": "Bribie Island",
      "State": "QLD",
      "Postcode": "4507"
    },
    {
      "Division": "SUPERMARKETS",
      "Name": "Banksia Beach",
      "AddressLine1": "Cnr Sunderland Dr & Botany Cres",
      "Suburb": "Banksia Beach",
      "State": "QLD",
      "Postcode": "4507"
    },
    {
      "Division": "SUPERMARKETS",
      "Name": "Pimpama",
      "AddressLine1": "Yawalpah and Dixon Roads",
      "Suburb": "Pimpama",
      "State": "QLD",
      "Postcode": "4209"
    },
    {
      "Division": "SUPERMARKETS",
      "Name": "Coomera West",
      "AddressLine1": "31 Kristins Lane",
      "Suburb": "West Coomera",
      "State": "QLD",
      "Postcode": "4209"
    },
    {
      "Division": "SUPERMARKETS",
      "Name": "Coomera Westfield",
      "AddressLine1": "121 Foxwell Rd",
      "Suburb": "Coomera Town Centre",
      "State": "QLD",
      "Postcode": "4209"
    },
    {
      "Division": "SUPERMARKETS",
      "Name": "Upper Coomera",
      "AddressLine1": "177 Reserve Rd",
      "Suburb": "Upper Coomera",
      "State": "QLD",
      "Postcode": "4209"
    },
    {
      "Division": "SUPERMARKETS",
      "Name": "Coomera East",
      "AddressLine1": "Cnr Foxwell Rd & Oakey Creek Rd",
      "Suburb": "Coomera",
      "State": "QLD",
      "Postcode": "4209"
    },
    {
      "Division": "SUPERMARKETS",
      "Name": "Oxenford",
      "AddressLine1": "2 Cottonwood Place",
      "Suburb": "Oxenford",
      "State": "QLD",
      "Postcode": "4210"
    },
    {
      "Division": "SUPERMARKETS",
      "Name": "Hope Island",
      "AddressLine1": "1 Marina Quays Blvd",
      "Suburb": "Hope Island",
      "State": "QLD",
      "Postcode": "4212"
    },
    {
      "Division": "SUPERMARKETS",
      "Name": "Beaudesert",
      "AddressLine1": "125-139 Brisbane Street",
      "Suburb": "Beaudesert",
      "State": "QLD",
      "Postcode": "4285"
    },
    {
      "Division": "SUPERMARKETS",
      "Name": "Helensvale",
      "AddressLine1": "1-29 Millaroo Drive",
      "Suburb": "Helensvale",
      "State": "QLD",
      "Postcode": "4212"
    },
    {
      "Division": "SUPERMARKETS",
      "Name": "Plainland",
      "AddressLine1": "3 Gehrke Road",
      "Suburb": "Plainland",
      "State": "QLD",
      "Postcode": "4341"
    },
    {
      "Division": "SUPERMARKETS",
      "Name": "Pacific Pines",
      "AddressLine1": "Cnr Pacific Pines Boulevard And Pitcairn Way",
      "Suburb": "Pacific Pines",
      "State": "QLD",
      "Postcode": "4211"
    },
    {
      "Division": "SUPERMARKETS",
      "Name": "Runaway Bay",
      "AddressLine1": "10-12 Lae Drive",
      "Suburb": "Runaway Bay",
      "State": "QLD",
      "Postcode": "4216"
    },
    {
      "Division": "SUPERMARKETS",
      "Name": "Harbourtown (Biggera Waters)",
      "AddressLine1": "Cnr Oxley Road And Gold Coast Highway",
      "Suburb": "Biggera Waters",
      "State": "QLD",
      "Postcode": "4216"
    },
    {
      "Division": "SUPERMARKETS",
      "Name": "Woodford",
      "AddressLine1": "Cnr George And Archer Streets",
      "Suburb": "Woodford",
      "State": "QLD",
      "Postcode": "4514"
    },
    {
      "Division": "SUPERMARKETS",
      "Name": "Smith Collective",
      "AddressLine1": "Cnr Von Itzstein St & Knowledge St",
      "Suburb": "Southport",
      "State": "QLD",
      "Postcode": "4215"
    },
    {
      "Division": "SUPERMARKETS",
      "Name": "Nerang",
      "AddressLine1": "Nerang Mall, Cnr New And Cayuga Streets",
      "Suburb": "Nerang",
      "State": "QLD",
      "Postcode": "4211"
    },
    {
      "Division": "SUPERMARKETS",
      "Name": "Ashmore",
      "AddressLine1": "160 Cotlew Street",
      "Suburb": "Ashmore",
      "State": "QLD",
      "Postcode": "4214"
    },
    {
      "Division": "SUPERMARKETS",
      "Name": "Australia Fair (Southport)",
      "AddressLine1": "42 Marine Parade",
      "Suburb": "Southport",
      "State": "QLD",
      "Postcode": "4215"
    },
    {
      "Division": "SUPERMARKETS",
      "Name": "Broadwater (Metro)",
      "AddressLine1": "48 Brighton Parade",
      "Suburb": "Southport",
      "State": "QLD",
      "Postcode": "4215"
    },
    {
      "Division": "SUPERMARKETS",
      "Name": "Southport Park",
      "AddressLine1": "Cnr Ferry Road And Benowa Street",
      "Suburb": "Southport",
      "State": "QLD",
      "Postcode": "4215"
    },
    {
      "Division": "SUPERMARKETS",
      "Name": "Beerwah",
      "AddressLine1": "5 Peachester Road",
      "Suburb": "Beerwah",
      "State": "QLD",
      "Postcode": "4519"
    },
    {
      "Division": "SUPERMARKETS",
      "Name": "Surfers Paradise (Circle on Cavill)",
      "AddressLine1": "Gold Coast Hwy & Cavill Avenue",
      "Suburb": "Surfers Paradise",
      "State": "QLD",
      "Postcode": "4217"
    },
    {
      "Division": "SUPERMARKETS",
      "Name": "Surfers Paradise",
      "AddressLine1": "Cnr Sunshine Coast Blvd And Hanlan St",
      "Suburb": "Surfers Paradise",
      "State": "QLD",
      "Postcode": "4217"
    },
    {
      "Division": "SUPERMARKETS",
      "Name": "Pelican Waters",
      "AddressLine1": "44 Pelican Waters Boulevard",
      "Suburb": "Pelican Waters",
      "State": "QLD",
      "Postcode": "4551"
    },
    {
      "Division": "SUPERMARKETS",
      "Name": "Carrara",
      "AddressLine1": "54 Manchester Road",
      "Suburb": "Carrara",
      "State": "QLD",
      "Postcode": "4211"
    },
    {
      "Division": "SUPERMARKETS",
      "Name": "Oasis (Broadbeach)",
      "AddressLine1": "The Oasis Shopping Centre, 75 Surf Parade",
      "Suburb": "Broadbeach",
      "State": "QLD",
      "Postcode": "4218"
    },
    {
      "Division": "SUPERMARKETS",
      "Name": "Mermaid Waters",
      "AddressLine1": "Gold Coast Super Centre, Cnr Bermuda And Makeri Streets",
      "Suburb": "Mermaid Waters",
      "State": "QLD",
      "Postcode": "4218"
    },
    {
      "Division": "SUPERMARKETS",
      "Name": "Pacific Fair",
      "AddressLine1": "Pacific Fair Shopping Centre, Hooker Boulevard",
      "Suburb": "Broadbeach",
      "State": "QLD",
      "Postcode": "4218"
    },
    {
      "Division": "SUPERMARKETS",
      "Name": "Caloundra",
      "AddressLine1": "20 Bowman Road",
      "Suburb": "Caloundra",
      "State": "QLD",
      "Postcode": "4551"
    },
    {
      "Division": "SUPERMARKETS",
      "Name": "Mudgeeraba",
      "AddressLine1": "Mudgeeraba Market Shopping Centre, 3 Swan Lane",
      "Suburb": "Mudgeeraba",
      "State": "QLD",
      "Postcode": "4213"
    },
    {
      "Division": "SUPERMARKETS",
      "Name": "Mermaid Plaza (Metro)",
      "AddressLine1": "2400 Gold Coast HWY, Mermaid Beach, QLD, 4218",
      "Suburb": "Mermaid Beach",
      "State": "QLD",
      "Postcode": "4218"
    },
    {
      "Division": "SUPERMARKETS",
      "Name": "Robina North",
      "AddressLine1": "Robina Town Centre, Robina Town Centre Drive Level 2",
      "Suburb": "Robina",
      "State": "QLD",
      "Postcode": "4226"
    },
    {
      "Division": "SUPERMARKETS",
      "Name": "Robina",
      "AddressLine1": "Robina Town Centre, Robina Town Centre Drive",
      "Suburb": "Robina",
      "State": "QLD",
      "Postcode": "4226"
    },
    {
      "Division": "SUPERMARKETS",
      "Name": "Currimundi",
      "AddressLine1": "Cnr Bellara Drive And Nicklin Way",
      "Suburb": "Currimundi",
      "State": "QLD",
      "Postcode": "4551"
    },
    {
      "Division": "SUPERMARKETS",
      "Name": "Reedy Creek",
      "AddressLine1": "Cnr Kingsmore Boulevard & Old Coach Road",
      "Suburb": "Reedy Creek",
      "State": "QLD",
      "Postcode": "4227"
    },
    {
      "Division": "SUPERMARKETS",
      "Name": "Burleigh Heads North (Metro)",
      "AddressLine1": "15-17 Park Avenue",
      "Suburb": "Burleigh Heads",
      "State": "QLD",
      "Postcode": "4220"
    },
    {
      "Division": "SUPERMARKETS",
      "Name": "Burleigh Heads",
      "AddressLine1": "149 West Burleigh Road",
      "Suburb": "Burleigh Heads",
      "State": "QLD",
      "Postcode": "4220"
    },
    {
      "Division": "SUPERMARKETS",
      "Name": "Maleny",
      "AddressLine1": "2 Bunya Street",
      "Suburb": "Maleny",
      "State": "QLD",
      "Postcode": "4552"
    },
    {
      "Division": "SUPERMARKETS",
      "Name": "Palm Waters",
      "AddressLine1": "Cnr Angelica Street And Nineteenth Avenue",
      "Suburb": "Palm Beach",
      "State": "QLD",
      "Postcode": "4221"
    },
    {
      "Division": "SUPERMARKETS",
      "Name": "Chancellor Park",
      "AddressLine1": "18 University Way",
      "Suburb": "Sippy Downs",
      "State": "QLD",
      "Postcode": "4556"
    },
    {
      "Division": "SUPERMARKETS",
      "Name": "Elanora Pines",
      "AddressLine1": "Cnr Guineas Creek Road & K P McGrath Drive",
      "Suburb": "Elanora",
      "State": "QLD",
      "Postcode": "4221"
    },
    {
      "Division": "SUPERMARKETS",
      "Name": "Kawana Waters (Buddina)",
      "AddressLine1": "119 Point Cartwright Drive",
      "Suburb": "Buddina",
      "State": "QLD",
      "Postcode": "4575"
    },
    {
      "Division": "SUPERMARKETS",
      "Name": "Mountain Creek",
      "AddressLine1": "Cnr Karawatha Drive And Golf Links Road",
      "Suburb": "Mountain Creek",
      "State": "QLD",
      "Postcode": "4557"
    },
    {
      "Division": "SUPERMARKETS",
      "Name": "Buderim (Metro)",
      "AddressLine1": "Buderim Market Pl, Burnett St",
      "Suburb": "Buderim",
      "State": "QLD",
      "Postcode": "4556"
    },
    {
      "Division": "SUPERMARKETS",
      "Name": "Maroochydore Plaza",
      "AddressLine1": "Plaza Parade Sunshine Plaza Shopping Centre",
      "Suburb": "Maroochydore",
      "State": "QLD",
      "Postcode": "4558"
    },
    {
      "Division": "SUPERMARKETS",
      "Name": "Maroochydore Big Top",
      "AddressLine1": "12-20 Ocean Street",
      "Suburb": "Maroochydore",
      "State": "QLD",
      "Postcode": "4558"
    },
    {
      "Division": "SUPERMARKETS",
      "Name": "Coolangatta",
      "AddressLine1": "72-80 Marine Parade",
      "Suburb": "Coolangatta",
      "State": "QLD",
      "Postcode": "4225"
    },
    {
      "Division": "SUPERMARKETS",
      "Name": "Tweed Heads",
      "AddressLine1": "Tweed Mall, Cnr Wharf And Bay Street",
      "Suburb": "Tweed Heads",
      "State": "NSW",
      "Postcode": "2485"
    },
    {
      "Division": "SUPERMARKETS",
      "Name": "Nambour",
      "AddressLine1": "Ann Street",
      "Suburb": "Nambour",
      "State": "QLD",
      "Postcode": "4560"
    },
    {
      "Division": "SUPERMARKETS",
      "Name": "Tweed City",
      "AddressLine1": "Shop 96, Tweed City Shop Ctr, 54 Minjungbal Drive",
      "Suburb": "Tweed Heads South",
      "State": "NSW",
      "Postcode": "2485"
    },
    {
      "Division": "SUPERMARKETS",
      "Name": "Banora Point",
      "AddressLine1": "3 Leisure Dr",
      "Suburb": "Banora Point",
      "State": "NSW",
      "Postcode": "2486"
    },
    {
      "Division": "SUPERMARKETS",
      "Name": "Kingscliff",
      "AddressLine1": "Kingscliff Shopping Village, 22-26 Pearl Street",
      "Suburb": "Kingscliff",
      "State": "NSW",
      "Postcode": "2487"
    },
    {
      "Division": "SUPERMARKETS",
      "Name": "Coolum",
      "AddressLine1": "South Coolum Road",
      "Suburb": "Coolum Beach",
      "State": "QLD",
      "Postcode": "4573"
    },
    {
      "Division": "SUPERMARKETS",
      "Name": "Range (Toowoomba)",
      "AddressLine1": "11a James Street",
      "Suburb": "Toowoomba",
      "State": "QLD",
      "Postcode": "4350"
    },
    {
      "Division": "SUPERMARKETS",
      "Name": "Toowoomba Grand Central",
      "AddressLine1": "Grand Central Shopping Centre, Cnr Margaret Street & Dent Street",
      "Suburb": "Toowoomba",
      "State": "QLD",
      "Postcode": "4350"
    },
    {
      "Division": "SUPERMARKETS",
      "Name": "Highfields",
      "AddressLine1": "Highfield Village Shopping Centre, Cnr O'Brien And Highfields Roads",
      "Suburb": "Highfields",
      "State": "QLD",
      "Postcode": "4352"
    },
    {
      "Division": "SUPERMARKETS",
      "Name": "Kearneys Spring",
      "AddressLine1": "445-455 Hume Street",
      "Suburb": "Toowoomba",
      "State": "QLD",
      "Postcode": "4350"
    },
    {
      "Division": "SUPERMARKETS",
      "Name": "Clifford Gardens (Toowoomba)",
      "AddressLine1": "Cnr Anzac Avenue And James Street",
      "Suburb": "Toowoomba",
      "State": "QLD",
      "Postcode": "4350"
    },
    {
      "Division": "SUPERMARKETS",
      "Name": "Wilsonton (Toowoomba)",
      "AddressLine1": "407 Bridge Street",
      "Suburb": "Toowoomba",
      "State": "QLD",
      "Postcode": "4350"
    },
    {
      "Division": "SUPERMARKETS",
      "Name": "Cabarita",
      "AddressLine1": "39-45 Tweed Coast Rd",
      "Suburb": "Bogangar",
      "State": "NSW",
      "Postcode": "2488"
    },
    {
      "Division": "SUPERMARKETS",
      "Name": "Toowoomba Drayton",
      "AddressLine1": "48 Brisbane Street",
      "Suburb": "Drayton",
      "State": "QLD",
      "Postcode": "4350"
    },
    {
      "Division": "SUPERMARKETS",
      "Name": "Noosa",
      "AddressLine1": "Noosa Civic, 28 Eenie Creek Road",
      "Suburb": "Noosa Heads",
      "State": "QLD",
      "Postcode": "4567"
    },
    {
      "Division": "SUPERMARKETS",
      "Name": "Noosaville",
      "AddressLine1": "Cnr Gibson Road And Mary Street",
      "Suburb": "Noosaville",
      "State": "QLD",
      "Postcode": "4566"
    },
    {
      "Division": "SUPERMARKETS",
      "Name": "Tewantin",
      "AddressLine1": "Blakesley Street",
      "Suburb": "Tewantin",
      "State": "QLD",
      "Postcode": "4565"
    },
    {
      "Division": "SUPERMARKETS",
      "Name": "Warwick",
      "AddressLine1": "81 Palmerin Street",
      "Suburb": "Warwick",
      "State": "QLD",
      "Postcode": "4370"
    },
    {
      "Division": "SUPERMARKETS",
      "Name": "Mullumbimby",
      "AddressLine1": "Station Street",
      "Suburb": "Mullumbimby",
      "State": "NSW",
      "Postcode": "2482"
    },
    {
      "Division": "SUPERMARKETS",
      "Name": "Pittsworth",
      "AddressLine1": "122-126 Yandilla Street",
      "Suburb": "Pittsworth",
      "State": "QLD",
      "Postcode": "4356"
    },
    {
      "Division": "SUPERMARKETS",
      "Name": "Byron Bay",
      "AddressLine1": "106 Jonson Street",
      "Suburb": "Byron Bay",
      "State": "NSW",
      "Postcode": "2481"
    },
    {
      "Division": "SUPERMARKETS",
      "Name": "Gympie",
      "AddressLine1": "Cnr Excelsior And Perserverance Streets",
      "Suburb": "Gympie",
      "State": "QLD",
      "Postcode": "4570"
    },
    {
      "Division": "SUPERMARKETS",
      "Name": "Gympie Southside",
      "AddressLine1": "Cnr Ramsey Road & Woolgar Road",
      "Suburb": "Gympie",
      "State": "QLD",
      "Postcode": "4570"
    },
    {
      "Division": "SUPERMARKETS",
      "Name": "Lismore Central",
      "AddressLine1": "36-44 Carrington Streets",
      "Suburb": "Lismore",
      "State": "NSW",
      "Postcode": "2480"
    },
    {
      "Division": "SUPERMARKETS",
      "Name": "Lismore Square",
      "AddressLine1": "Cnr Brewster And Mckenzie Streets",
      "Suburb": "Lismore",
      "State": "NSW",
      "Postcode": "2480"
    },
    {
      "Division": "SUPERMARKETS",
      "Name": "Goonellabah",
      "AddressLine1": "2 Simeoni Drive",
      "Suburb": "Goonellabah",
      "State": "NSW",
      "Postcode": "2480"
    },
    {
      "Division": "SUPERMARKETS",
      "Name": "Casino",
      "AddressLine1": "Canterbury Street",
      "Suburb": "Casino",
      "State": "NSW",
      "Postcode": "2470"
    },
    {
      "Division": "SUPERMARKETS",
      "Name": "Kingaroy",
      "AddressLine1": "Youngman Street",
      "Suburb": "Kingaroy",
      "State": "QLD",
      "Postcode": "4610"
    },
    {
      "Division": "SUPERMARKETS",
      "Name": "Lennox Head",
      "AddressLine1": "Hutley Dr",
      "Suburb": "Lennox Head",
      "State": "NSW",
      "Postcode": "2478"
    },
    {
      "Division": "SUPERMARKETS",
      "Name": "Ballina Fair",
      "AddressLine1": "Ballina Fair Shopping Centre, Cnr Fox And Kerr Roads",
      "Suburb": "Ballina",
      "State": "NSW",
      "Postcode": "2478"
    },
    {
      "Division": "SUPERMARKETS",
      "Name": "Ballina River Street",
      "AddressLine1": "82-96 River St",
      "Suburb": "Ballina",
      "State": "NSW",
      "Postcode": "2478"
    },
    {
      "Division": "SUPERMARKETS",
      "Name": "Cooloola",
      "AddressLine1": "Cnr Nautilus  And Queen Elizabeth Drives",
      "Suburb": "Cooloola Cove",
      "State": "QLD",
      "Postcode": "4580"
    },
    {
      "Division": "SUPERMARKETS",
      "Name": "Stanthorpe",
      "AddressLine1": "Cnr Lock And High Streets",
      "Suburb": "Stanthorpe",
      "State": "QLD",
      "Postcode": "4380"
    },
    {
      "Division": "SUPERMARKETS",
      "Name": "Dalby",
      "AddressLine1": "17-67 Cunningham Street",
      "Suburb": "Dalby",
      "State": "QLD",
      "Postcode": "4405"
    },
    {
      "Division": "SUPERMARKETS",
      "Name": "Maryborough",
      "AddressLine1": "Cnr Sussex And Adelaide Street",
      "Suburb": "Maryborough",
      "State": "QLD",
      "Postcode": "4650"
    },
    {
      "Division": "SUPERMARKETS",
      "Name": "Urangan",
      "AddressLine1": "Cnr Boat Harbour Drive And Elizabeth Street",
      "Suburb": "Urangan",
      "State": "QLD",
      "Postcode": "4655"
    },
    {
      "Division": "SUPERMARKETS",
      "Name": "Eli Waters",
      "AddressLine1": "Cnr Ibis Boulevard And Maryborough Road",
      "Suburb": "Eli Waters",
      "State": "QLD",
      "Postcode": "4655"
    },
    {
      "Division": "SUPERMARKETS",
      "Name": "Hervey Bay",
      "AddressLine1": "Cnr Torquay And Taylor Streets",
      "Suburb": "Hervey Bay",
      "State": "QLD",
      "Postcode": "4655"
    },
    {
      "Division": "SUPERMARKETS",
      "Name": "Grafton",
      "AddressLine1": "52-74 Fitzroy Street",
      "Suburb": "Grafton",
      "State": "NSW",
      "Postcode": "2460"
    },
    {
      "Division": "SUPERMARKETS",
      "Name": "Chinchilla",
      "AddressLine1": "16-20 Bell Street",
      "Suburb": "Chinchilla",
      "State": "QLD",
      "Postcode": "4413"
    },
    {
      "Division": "SUPERMARKETS",
      "Name": "Childers",
      "AddressLine1": "111-115 Churchill Street",
      "Suburb": "Childers",
      "State": "QLD",
      "Postcode": "4660"
    },
    {
      "Division": "SUPERMARKETS",
      "Name": "Glen Innes",
      "AddressLine1": "Cnr Wentworth And Grey Streets",
      "Suburb": "Glen Innes",
      "State": "NSW",
      "Postcode": "2370"
    },
    {
      "Division": "SUPERMARKETS",
      "Name": "Woolgoolga",
      "AddressLine1": "Pullen and Solitary Island Way",
      "Suburb": "Woolgoolga",
      "State": "NSW",
      "Postcode": "2456"
    },
    {
      "Division": "SUPERMARKETS",
      "Name": "Sugarland (Bundaberg)",
      "AddressLine1": "115-119 Takalvan Street",
      "Suburb": "Bundaberg",
      "State": "QLD",
      "Postcode": "4670"
    },
    {
      "Division": "SUPERMARKETS",
      "Name": "Kepnock",
      "AddressLine1": "106 FE Walker St",
      "Suburb": "Kepnock",
      "State": "QLD",
      "Postcode": "4670"
    },
    {
      "Division": "SUPERMARKETS",
      "Name": "Bundaberg",
      "AddressLine1": "16 Maryborough Street",
      "Suburb": "Bundaberg",
      "State": "QLD",
      "Postcode": "4670"
    },
    {
      "Division": "SUPERMARKETS",
      "Name": "Bargara",
      "AddressLine1": "Bargara Central, Davidson Street & Bargara Road",
      "Suburb": "Bargara",
      "State": "QLD",
      "Postcode": "4670"
    },
    {
      "Division": "SUPERMARKETS",
      "Name": "Park Beach Plaza (Coffs Harbour)",
      "AddressLine1": "253 Pacific Highway",
      "Suburb": "Coffs Harbour",
      "State": "NSW",
      "Postcode": "2450"
    },
    {
      "Division": "SUPERMARKETS",
      "Name": "Coffs Harbour",
      "AddressLine1": "7 Park Avenue",
      "Suburb": "Coffs Harbour",
      "State": "NSW",
      "Postcode": "2450"
    },
    {
      "Division": "SUPERMARKETS",
      "Name": "Inverell",
      "AddressLine1": "Cnr Vivian And Sweaney Streets",
      "Suburb": "Inverell",
      "State": "NSW",
      "Postcode": "2360"
    },
    {
      "Division": "SUPERMARKETS",
      "Name": "Toormina",
      "AddressLine1": "Toormina Gardens Shopping Centre, Toormina Road",
      "Suburb": "Toormina",
      "State": "NSW",
      "Postcode": "2452"
    },
    {
      "Division": "SUPERMARKETS",
      "Name": "Nambucca Heads",
      "AddressLine1": "Cnr Fraser And Back Streets",
      "Suburb": "Nambucca Heads",
      "State": "NSW",
      "Postcode": "2448"
    },
    {
      "Division": "SUPERMARKETS",
      "Name": "Macksville",
      "AddressLine1": "Cnr Boundary St and Giinagay Way",
      "Suburb": "Macksville",
      "State": "NSW",
      "Postcode": "2447"
    },
    {
      "Division": "SUPERMARKETS",
      "Name": "Armidale",
      "AddressLine1": "Cnr Jessie And Beardy Streets",
      "Suburb": "Armidale",
      "State": "NSW",
      "Postcode": "2350"
    },
    {
      "Division": "SUPERMARKETS",
      "Name": "Moree",
      "AddressLine1": "215 Balo Street",
      "Suburb": "Moree",
      "State": "NSW",
      "Postcode": "2400"
    },
    {
      "Division": "SUPERMARKETS",
      "Name": "Kempsey",
      "AddressLine1": "Cnr Forth And Smith Streets",
      "Suburb": "Kempsey",
      "State": "NSW",
      "Postcode": "2440"
    },
    {
      "Division": "SUPERMARKETS",
      "Name": "Biloela",
      "AddressLine1": "Biloela Square, Cnr Gladstone & Kariboe Street",
      "Suburb": "Biloela",
      "State": "QLD",
      "Postcode": "4715"
    },
    {
      "Division": "SUPERMARKETS",
      "Name": "Boyne Island",
      "AddressLine1": "Boyne Plaza, Cnr Wyndham Avenue And Centenary Drive",
      "Suburb": "Boyne Island",
      "State": "QLD",
      "Postcode": "4680"
    },
    {
      "Division": "SUPERMARKETS",
      "Name": "Roma",
      "AddressLine1": "Cnr Wyndham And Bowen Streets",
      "Suburb": "Roma",
      "State": "QLD",
      "Postcode": "4455"
    },
    {
      "Division": "SUPERMARKETS",
      "Name": "Kirkwood",
      "AddressLine1": "Cnr Dixon Drive & Kirkwood Rd",
      "Suburb": "Kirkwood",
      "State": "QLD",
      "Postcode": "4680"
    },
    {
      "Division": "SUPERMARKETS",
      "Name": "Kin Kora (Gladstone)",
      "AddressLine1": "Cnr Dawson Highway And Phillip Street",
      "Suburb": "Gladstone",
      "State": "QLD",
      "Postcode": "4680"
    },
    {
      "Division": "SUPERMARKETS",
      "Name": "Port Macquarie",
      "AddressLine1": "Cnr Bay And Park Streets",
      "Suburb": "Port Macquarie",
      "State": "NSW",
      "Postcode": "2444"
    },
    {
      "Division": "SUPERMARKETS",
      "Name": "Gladstone Valley",
      "AddressLine1": "Cnr Oaka Ln & Herbert Street",
      "Suburb": "Gladstone",
      "State": "QLD",
      "Postcode": "4680"
    },
    {
      "Division": "SUPERMARKETS",
      "Name": "Narrabri North",
      "AddressLine1": "181-189 Maitland Street",
      "Suburb": "Narrabri",
      "State": "NSW",
      "Postcode": "2390"
    },
    {
      "Division": "SUPERMARKETS",
      "Name": "Tamworth Eastpoint",
      "AddressLine1": "502 - 504 Peel Street",
      "Suburb": "Tamworth",
      "State": "NSW",
      "Postcode": "2340"
    },
    {
      "Division": "SUPERMARKETS",
      "Name": "Tamworth",
      "AddressLine1": "Cnr William And Denne Street",
      "Suburb": "Tamworth",
      "State": "NSW",
      "Postcode": "2340"
    },
    {
      "Division": "SUPERMARKETS",
      "Name": "Lake Cathie",
      "AddressLine1": "Lot 2 Ocean Drive",
      "Suburb": "Lake Cathie",
      "State": "NSW",
      "Postcode": "2445"
    },
    {
      "Division": "SUPERMARKETS",
      "Name": "Lakewood",
      "AddressLine1": "10 Botanic Drive",
      "Suburb": "Lakewood",
      "State": "NSW",
      "Postcode": "2443"
    },
    {
      "Division": "SUPERMARKETS",
      "Name": "Gunnedah",
      "AddressLine1": "119 - 129 Conadilly Street",
      "Suburb": "Gunnedah",
      "State": "NSW",
      "Postcode": "2380"
    },
    {
      "Division": "SUPERMARKETS",
      "Name": "Taree",
      "AddressLine1": "60 Manning Street",
      "Suburb": "Taree",
      "State": "NSW",
      "Postcode": "2430"
    },
    {
      "Division": "SUPERMARKETS",
      "Name": "Gloucester",
      "AddressLine1": "111 Church Street",
      "Suburb": "Gloucester",
      "State": "NSW",
      "Postcode": "2422"
    },
    {
      "Division": "SUPERMARKETS",
      "Name": "Gracemere",
      "AddressLine1": "Shop 90 Gracemere Shopping World, Cnr Capricorn Hwy & McLaughlin St",
      "Suburb": "Gracemere",
      "State": "QLD",
      "Postcode": "4702"
    },
    {
      "Division": "SUPERMARKETS",
      "Name": "Allenstown (Rockhampton)",
      "AddressLine1": "Cnr Caroline And Upper Dawson Road",
      "Suburb": "Rockhampton",
      "State": "QLD",
      "Postcode": "4700"
    },
    {
      "Division": "SUPERMARKETS",
      "Name": "Northside Plaza (Rockhampton North)",
      "AddressLine1": "222 Musgrave Street",
      "Suburb": "Rockhampton North",
      "State": "QLD",
      "Postcode": "4701"
    },
    {
      "Division": "SUPERMARKETS",
      "Name": "North Rockhampton",
      "AddressLine1": "Rockhampton Stockland Shopping Centre, 331 Yaamba Road",
      "Suburb": "Rockhampton",
      "State": "QLD",
      "Postcode": "4701"
    },
    {
      "Division": "SUPERMARKETS",
      "Name": "Tuncurry",
      "AddressLine1": "Cnr Peel and Kent St",
      "Suburb": "Tuncurry",
      "State": "NSW",
      "Postcode": "2428"
    },
    {
      "Division": "SUPERMARKETS",
      "Name": "Parkhurst",
      "AddressLine1": "810 Yaamba Road",
      "Suburb": "Parkhurst",
      "State": "QLD",
      "Postcode": "4702"
    },
    {
      "Division": "SUPERMARKETS",
      "Name": "Forster",
      "AddressLine1": "Cnr The Lakes Way And Breese Parade",
      "Suburb": "Forster",
      "State": "NSW",
      "Postcode": "2428"
    },
    {
      "Division": "SUPERMARKETS",
      "Name": "Yeppoon",
      "AddressLine1": "42 Park Street",
      "Suburb": "Yeppoon",
      "State": "QLD",
      "Postcode": "4703"
    },
    {
      "Division": "SUPERMARKETS",
      "Name": "Scone",
      "AddressLine1": "35 Main Street",
      "Suburb": "Scone",
      "State": "NSW",
      "Postcode": "2337"
    },
    {
      "Division": "SUPERMARKETS",
      "Name": "Coonabarabran",
      "AddressLine1": "35 Dalgarno Street",
      "Suburb": "Coonabarabran",
      "State": "NSW",
      "Postcode": "2357"
    },
    {
      "Division": "SUPERMARKETS",
      "Name": "Muswellbrook",
      "AddressLine1": "Cnr Brook & Sowerby Street",
      "Suburb": "Muswellbrook",
      "State": "NSW",
      "Postcode": "2333"
    },
    {
      "Division": "SUPERMARKETS",
      "Name": "Nelson Bay",
      "AddressLine1": "Corner of Stockton St & Donald St",
      "Suburb": "Nelson Bay",
      "State": "NSW",
      "Postcode": "2315"
    },
    {
      "Division": "SUPERMARKETS",
      "Name": "Salamander Bay",
      "AddressLine1": "2 Town Centre Circuit",
      "Suburb": "Salamander Bay",
      "State": "NSW",
      "Postcode": "2317"
    },
    {
      "Division": "SUPERMARKETS",
      "Name": "Singleton",
      "AddressLine1": "1 Gowrie St",
      "Suburb": "Singleton",
      "State": "NSW",
      "Postcode": "2330"
    },
    {
      "Division": "SUPERMARKETS",
      "Name": "Medowie",
      "AddressLine1": "39-47 Ferodale Road",
      "Suburb": "Medowie",
      "State": "NSW",
      "Postcode": "2318"
    },
    {
      "Division": "SUPERMARKETS",
      "Name": "Aberglasslyn",
      "AddressLine1": "Aberglasslyn and McKeachie Drive",
      "Suburb": "Aberglasslyn",
      "State": "NSW",
      "Postcode": "2320"
    },
    {
      "Division": "SUPERMARKETS",
      "Name": "Blackwater",
      "AddressLine1": "Town Centre, 8 Blain Street",
      "Suburb": "Blackwater",
      "State": "QLD",
      "Postcode": "4717"
    },
    {
      "Division": "SUPERMARKETS",
      "Name": "Rutherford",
      "AddressLine1": "Cnr Alexandra Ave And Hillview Street",
      "Suburb": "Rutherford",
      "State": "NSW",
      "Postcode": "2320"
    },
    {
      "Division": "SUPERMARKETS",
      "Name": "Raymond Terrace North (MarketPlace)",
      "AddressLine1": "Cnr Port Stephens And Bourke Streets Marketplace",
      "Suburb": "Raymond Terrace",
      "State": "NSW",
      "Postcode": "2324"
    },
    {
      "Division": "SUPERMARKETS",
      "Name": "Raymond Terrace Central",
      "AddressLine1": "39-41 Port Stephens Cnr Glenelg Street",
      "Suburb": "Raymond Terrace",
      "State": "NSW",
      "Postcode": "2324"
    },
    {
      "Division": "SUPERMARKETS",
      "Name": "Maitland",
      "AddressLine1": "Pender Place Shopping Centre, 44 Elgin Street",
      "Suburb": "Maitland",
      "State": "NSW",
      "Postcode": "2320"
    },
    {
      "Division": "SUPERMARKETS",
      "Name": "Green Hills",
      "AddressLine1": "Stockland Centre, 1 Molly Morgan Drive",
      "Suburb": "East Maitland",
      "State": "NSW",
      "Postcode": "2323"
    },
    {
      "Division": "SUPERMARKETS",
      "Name": "Beresfield",
      "AddressLine1": "Cnr Lawson & Newton Street",
      "Suburb": "Beresfield",
      "State": "NSW",
      "Postcode": "2322"
    },
    {
      "Division": "SUPERMARKETS",
      "Name": "Warabrook",
      "AddressLine1": "3 Angophora Drive",
      "Suburb": "Warabrook",
      "State": "NSW",
      "Postcode": "2304"
    },
    {
      "Division": "SUPERMARKETS",
      "Name": "Maryland",
      "AddressLine1": "144 Maryland Dr",
      "Suburb": "Maryland",
      "State": "NSW",
      "Postcode": "2287"
    },
    {
      "Division": "SUPERMARKETS",
      "Name": "Mayfield",
      "AddressLine1": "Cnr Maitland Road And Valencia Street",
      "Suburb": "Mayfield",
      "State": "NSW",
      "Postcode": "2304"
    },
    {
      "Division": "SUPERMARKETS",
      "Name": "Jesmond",
      "AddressLine1": "24-26 Blue Gum Road",
      "Suburb": "Jesmond",
      "State": "NSW",
      "Postcode": "2299"
    },
    {
      "Division": "SUPERMARKETS",
      "Name": "Cessnock",
      "AddressLine1": "Cessnock Plaza, Cnr Keene & Cooper Street",
      "Suburb": "Cessnock",
      "State": "NSW",
      "Postcode": "2325"
    },
    {
      "Division": "SUPERMARKETS",
      "Name": "East Newcastle (Metro)",
      "AddressLine1": "163-185 Hunter Street  (11 Lyrique Lane)",
      "Suburb": "Newcastle",
      "State": "NSW",
      "Postcode": "2300"
    },
    {
      "Division": "SUPERMARKETS",
      "Name": "Newcastle West",
      "AddressLine1": "23 Steel Street",
      "Suburb": "Newcastle West",
      "State": "NSW",
      "Postcode": "2302"
    },
    {
      "Division": "SUPERMARKETS",
      "Name": "Cameron Park",
      "AddressLine1": "Cameron Park Plaza, Corner Portland Drive & Northridge Drive",
      "Suburb": "Cameron Park",
      "State": "NSW",
      "Postcode": "2285"
    },
    {
      "Division": "SUPERMARKETS",
      "Name": "Kotara",
      "AddressLine1": "89 Park Avenue",
      "Suburb": "Kotara",
      "State": "NSW",
      "Postcode": "2289"
    },
    {
      "Division": "SUPERMARKETS",
      "Name": "Glendale",
      "AddressLine1": "387 Lake Road",
      "Suburb": "Glendale",
      "State": "NSW",
      "Postcode": "2285"
    },
    {
      "Division": "SUPERMARKETS",
      "Name": "Cardiff",
      "AddressLine1": "Cnr Macquarie And Main Roads",
      "Suburb": "Cardiff",
      "State": "NSW",
      "Postcode": "2285"
    },
    {
      "Division": "SUPERMARKETS",
      "Name": "Charlestown Square",
      "AddressLine1": "30 Pearson Street",
      "Suburb": "Charlestown",
      "State": "NSW",
      "Postcode": "2290"
    },
    {
      "Division": "SUPERMARKETS",
      "Name": "Mt Hutton",
      "AddressLine1": "46 Wilson Road",
      "Suburb": "Mt Hutton",
      "State": "NSW",
      "Postcode": "2290"
    },
    {
      "Division": "SUPERMARKETS",
      "Name": "Toronto",
      "AddressLine1": "Cnr Pemell St And Brighton Avenues",
      "Suburb": "Toronto",
      "State": "NSW",
      "Postcode": "2283"
    },
    {
      "Division": "SUPERMARKETS",
      "Name": "Belmont",
      "AddressLine1": "Cnr Macquarie & Singleton Street",
      "Suburb": "Belmont",
      "State": "NSW",
      "Postcode": "2280"
    },
    {
      "Division": "SUPERMARKETS",
      "Name": "Swansea",
      "AddressLine1": "18 Josephson Street",
      "Suburb": "Swansea",
      "State": "NSW",
      "Postcode": "2281"
    },
    {
      "Division": "SUPERMARKETS",
      "Name": "Morisset",
      "AddressLine1": "103-105 Dora, Doyalson and Yambo Street",
      "Suburb": "Morisset",
      "State": "NSW",
      "Postcode": "2264"
    },
    {
      "Division": "SUPERMARKETS",
      "Name": "Lake Munmorah",
      "AddressLine1": "1 Tall Timbers Road",
      "Suburb": "Lake Munmorah",
      "State": "NSW",
      "Postcode": "2259"
    },
    {
      "Division": "SUPERMARKETS",
      "Name": "Emerald East",
      "AddressLine1": "2-10 Codenwarra Rd",
      "Suburb": "Emerald East",
      "State": "QLD",
      "Postcode": "4720"
    },
    {
      "Division": "SUPERMARKETS",
      "Name": "Emerald Centro",
      "AddressLine1": "Hospital Road",
      "Suburb": "Emerald",
      "State": "QLD",
      "Postcode": "4720"
    },
    {
      "Division": "SUPERMARKETS",
      "Name": "Lake Haven",
      "AddressLine1": "Lake Haven Shopping, Centre Lake Haven Drive",
      "Suburb": "Lake Haven",
      "State": "NSW",
      "Postcode": "2263"
    },
    {
      "Division": "SUPERMARKETS",
      "Name": "Mudgee",
      "AddressLine1": "88 Mortimer Street",
      "Suburb": "Mudgee",
      "State": "NSW",
      "Postcode": "2850"
    },
    {
      "Division": "SUPERMARKETS",
      "Name": "Wadalba",
      "AddressLine1": "1  Figtree Boulevard",
      "Suburb": "Wadalba",
      "State": "NSW",
      "Postcode": "2259"
    },
    {
      "Division": "SUPERMARKETS",
      "Name": "Tuggerah",
      "AddressLine1": "50 Wyong Road",
      "Suburb": "Tuggerah",
      "State": "NSW",
      "Postcode": "2259"
    },
    {
      "Division": "SUPERMARKETS",
      "Name": "Bateau Bay",
      "AddressLine1": "Charter Hall Square , 12 Bay Village Rd",
      "Suburb": "Bateau Bay",
      "State": "NSW",
      "Postcode": "2261"
    },
    {
      "Division": "SUPERMARKETS",
      "Name": "Lisarow",
      "AddressLine1": "Parsons Road",
      "Suburb": "Lisarow",
      "State": "NSW",
      "Postcode": "2250"
    },
    {
      "Division": "SUPERMARKETS",
      "Name": "Dubbo",
      "AddressLine1": "Orana Mall Marketplace, Cnr Mitchell Highway And Wheelers Lane",
      "Suburb": "Dubbo",
      "State": "NSW",
      "Postcode": "2830"
    },
    {
      "Division": "SUPERMARKETS",
      "Name": "Riverdale",
      "AddressLine1": "49-65 Macquarie Street",
      "Suburb": "Dubbo",
      "State": "NSW",
      "Postcode": "2830"
    },
    {
      "Division": "SUPERMARKETS",
      "Name": "Gosford",
      "AddressLine1": "40-46 William Street",
      "Suburb": "Gosford",
      "State": "NSW",
      "Postcode": "2250"
    },
    {
      "Division": "SUPERMARKETS",
      "Name": "Erina",
      "AddressLine1": "620-658 Terrigal Drive",
      "Suburb": "Erina",
      "State": "NSW",
      "Postcode": "2250"
    },
    {
      "Division": "SUPERMARKETS",
      "Name": "Delroy Park",
      "AddressLine1": "Cnr Minore And Baird Drive, Delroy Park",
      "Suburb": "West Dubbo",
      "State": "NSW",
      "Postcode": "2830"
    },
    {
      "Division": "SUPERMARKETS",
      "Name": "Wellington",
      "AddressLine1": "81 Arthur Street",
      "Suburb": "Wellington",
      "State": "NSW",
      "Postcode": "2820"
    },
    {
      "Division": "SUPERMARKETS",
      "Name": "Woy Woy",
      "AddressLine1": "Peninsula Plaza, 63 Blackwall Road",
      "Suburb": "Woy Woy",
      "State": "NSW",
      "Postcode": "2256"
    },
    {
      "Division": "SUPERMARKETS",
      "Name": "Umina",
      "AddressLine1": "Corner Of West St And Trafalgar Ave Umina 2257",
      "Suburb": "Umina",
      "State": "NSW",
      "Postcode": "2257"
    },
    {
      "Division": "SUPERMARKETS",
      "Name": "Avalon Metro",
      "AddressLine1": "74 Old Barrenjoey Road",
      "Suburb": "Avalon",
      "State": "NSW",
      "Postcode": "2107"
    },
    {
      "Division": "SUPERMARKETS",
      "Name": "Glenorie",
      "AddressLine1": "936-938 Old Northern Road",
      "Suburb": "Glenorie",
      "State": "NSW",
      "Postcode": "2157"
    },
    {
      "Division": "SUPERMARKETS",
      "Name": "Mona Vale",
      "AddressLine1": "25-29 Park Street",
      "Suburb": "Mona Vale",
      "State": "NSW",
      "Postcode": "2103"
    },
    {
      "Division": "SUPERMARKETS",
      "Name": "Warriewood",
      "AddressLine1": "12 Jacksons Road",
      "Suburb": "Warriewood",
      "State": "NSW",
      "Postcode": "2102"
    },
    {
      "Division": "SUPERMARKETS",
      "Name": "Narrabeen",
      "AddressLine1": "12 Lagoon Street",
      "Suburb": "Narrabeen",
      "State": "NSW",
      "Postcode": "2101"
    },
    {
      "Division": "SUPERMARKETS",
      "Name": "Windsor",
      "AddressLine1": "6-16 Kable Street",
      "Suburb": "Windsor",
      "State": "NSW",
      "Postcode": "2756"
    },
    {
      "Division": "SUPERMARKETS",
      "Name": "Richmond",
      "AddressLine1": "Cnr Lennox & Paget Street",
      "Suburb": "Richmond",
      "State": "NSW",
      "Postcode": "2753"
    },
    {
      "Division": "SUPERMARKETS",
      "Name": "North Turramurra Metro",
      "AddressLine1": "290 Bobbin Road",
      "Suburb": "North Turramurra",
      "State": "NSW",
      "Postcode": "2074"
    },
    {
      "Division": "SUPERMARKETS",
      "Name": "Hornsby",
      "AddressLine1": "Westfield Shopping Centre, 236 Pacific Highway",
      "Suburb": "Hornsby",
      "State": "NSW",
      "Postcode": "2077"
    },
    {
      "Division": "SUPERMARKETS",
      "Name": "Dee Why",
      "AddressLine1": "37 Howard Avenue",
      "Suburb": "Dee Why",
      "State": "NSW",
      "Postcode": "2099"
    },
    {
      "Division": "SUPERMARKETS",
      "Name": "Dural",
      "AddressLine1": "2 Allen Way",
      "Suburb": "Round Corner",
      "State": "NSW",
      "Postcode": "2158"
    },
    {
      "Division": "SUPERMARKETS",
      "Name": "Glenrose",
      "AddressLine1": "56 - 58 Glen Street",
      "Suburb": "Belrose",
      "State": "NSW",
      "Postcode": "2085"
    },
    {
      "Division": "SUPERMARKETS",
      "Name": "St Ives",
      "AddressLine1": "St Ives Shopping Village, 166 Mona Vale Road",
      "Suburb": "St Ives",
      "State": "NSW",
      "Postcode": "2075"
    },
    {
      "Division": "SUPERMARKETS",
      "Name": "Kellyville North",
      "AddressLine1": "Cnr Withers & Hezlett Roads",
      "Suburb": "Kellyville North",
      "State": "NSW",
      "Postcode": "2155"
    },
    {
      "Division": "SUPERMARKETS",
      "Name": "Frenchs Forest",
      "AddressLine1": "Forestway Shopping Centre, Cnr Russell Avenue And Forest Way",
      "Suburb": "Frenchs Forest",
      "State": "NSW",
      "Postcode": "2086"
    },
    {
      "Division": "SUPERMARKETS",
      "Name": "Warringah Mall (Brookvale)",
      "AddressLine1": "Pittwater Road",
      "Suburb": "Brookvale",
      "State": "NSW",
      "Postcode": "2100"
    },
    {
      "Division": "SUPERMARKETS",
      "Name": "Rouse Hill",
      "AddressLine1": "10-14 Market Lane",
      "Suburb": "Rouse Hill",
      "State": "NSW",
      "Postcode": "2155"
    },
    {
      "Division": "SUPERMARKETS",
      "Name": "Cherrybrook Village",
      "AddressLine1": "Shop 17, Cherrybrook Village, 41-47 Shepherds Drive",
      "Suburb": "Cherrybrook",
      "State": "NSW",
      "Postcode": "2126"
    },
    {
      "Division": "SUPERMARKETS",
      "Name": "Thornleigh",
      "AddressLine1": "261 Pennant Hills Road",
      "Suburb": "Thornleigh",
      "State": "NSW",
      "Postcode": "2120"
    },
    {
      "Division": "SUPERMARKETS",
      "Name": "Knightsbridge (Metro)",
      "AddressLine1": "159 Ridgecrop Dr, Castle Hill",
      "Suburb": "Castle Hill",
      "State": "NSW",
      "Postcode": "2154"
    },
    {
      "Division": "SUPERMARKETS",
      "Name": "Gordon",
      "AddressLine1": "802-808 Pacific Highway",
      "Suburb": "Gordon",
      "State": "NSW",
      "Postcode": "2072"
    },
    {
      "Division": "SUPERMARKETS",
      "Name": "Kellyville",
      "AddressLine1": "88 Wrights Road",
      "Suburb": "Kellyville",
      "State": "NSW",
      "Postcode": "2155"
    },
    {
      "Division": "SUPERMARKETS",
      "Name": "The Ponds",
      "AddressLine1": "Cnr Riverbank Drive and The Ponds Boulevard",
      "Suburb": "The Ponds",
      "State": "NSW",
      "Postcode": "2769"
    },
    {
      "Division": "SUPERMARKETS",
      "Name": "Balgowlah",
      "AddressLine1": "17-31 Roseberry Street",
      "Suburb": "Balgowlah",
      "State": "NSW",
      "Postcode": "2093"
    },
    {
      "Division": "SUPERMARKETS",
      "Name": "Kellyville Grove",
      "AddressLine1": "2 Hector Court",
      "Suburb": "Kellyville",
      "State": "NSW",
      "Postcode": "2155"
    },
    {
      "Division": "SUPERMARKETS",
      "Name": "Castle Hill Showground Village",
      "AddressLine1": "1-5 Doran Drive",
      "Suburb": "Castle Hill",
      "State": "NSW",
      "Postcode": "2154"
    },
    {
      "Division": "SUPERMARKETS",
      "Name": "Lithgow",
      "AddressLine1": "224 Mort Street",
      "Suburb": "Lithgow",
      "State": "NSW",
      "Postcode": "2790"
    },
    {
      "Division": "SUPERMARKETS",
      "Name": "Beecroft",
      "AddressLine1": "Corner of Hannah Street and Beecroft Road",
      "Suburb": "Beecroft",
      "State": "NSW",
      "Postcode": "2119"
    },
    {
      "Division": "SUPERMARKETS",
      "Name": "Schofields",
      "AddressLine1": "Railway Terrace and Pelican Road",
      "Suburb": "Schofields",
      "State": "NSW",
      "Postcode": "2762"
    },
    {
      "Division": "SUPERMARKETS",
      "Name": "West Pennant Hills (Metro)",
      "AddressLine1": "Shop 12, 35 Coonara Avenue",
      "Suburb": "West Pennant Hills",
      "State": "NSW",
      "Postcode": "2125"
    },
    {
      "Division": "SUPERMARKETS",
      "Name": "Chatswood East",
      "AddressLine1": "17 Smith St",
      "Suburb": "Chatswood",
      "State": "NSW",
      "Postcode": "2067"
    },
    {
      "Division": "SUPERMARKETS",
      "Name": "Norwest (Metro)",
      "AddressLine1": "1 Woolworths Way",
      "Suburb": "Bella Vista",
      "State": "NSW",
      "Postcode": "2153"
    },
    {
      "Division": "SUPERMARKETS",
      "Name": "Macquarie Ryde",
      "AddressLine1": "Macquarie Shopping Centre, Cnr Waterloo And Herring Roads",
      "Suburb": "North Ryde",
      "State": "NSW",
      "Postcode": "2113"
    },
    {
      "Division": "SUPERMARKETS",
      "Name": "Glenwood",
      "AddressLine1": "60 Glenwood Park Drive",
      "Suburb": "Glenwood",
      "State": "NSW",
      "Postcode": "2768"
    },
    {
      "Division": "SUPERMARKETS",
      "Name": "Marsfield",
      "AddressLine1": "Cnr Epping And Balaclava Roads",
      "Suburb": "Marsfield",
      "State": "NSW",
      "Postcode": "2122"
    },
    {
      "Division": "SUPERMARKETS",
      "Name": "Chatswood Rail Metro",
      "AddressLine1": "Shop 55 Chatswood Rail Interchange",
      "Suburb": "Chatswood",
      "State": "NSW",
      "Postcode": "2057"
    },
    {
      "Division": "SUPERMARKETS",
      "Name": "Norwest Circa",
      "AddressLine1": "1 Circa Boulevarde",
      "Suburb": "Bella Vista",
      "State": "NSW",
      "Postcode": "2153"
    },
    {
      "Division": "SUPERMARKETS",
      "Name": "Baulkham Hills",
      "AddressLine1": "375-383 Windsor Road",
      "Suburb": "Baulkham Hills",
      "State": "NSW",
      "Postcode": "2153"
    },
    {
      "Division": "SUPERMARKETS",
      "Name": "Kings Langley",
      "AddressLine1": "125 James Cook Drive",
      "Suburb": "Kings Langley",
      "State": "NSW",
      "Postcode": "2147"
    },
    {
      "Division": "SUPERMARKETS",
      "Name": "Northbridge",
      "AddressLine1": "79-113 Sailors Bay Road",
      "Suburb": "Northbridge",
      "State": "NSW",
      "Postcode": "2063"
    },
    {
      "Division": "SUPERMARKETS",
      "Name": "Greenway Village",
      "AddressLine1": "Shop M1 799 Richmond Road",
      "Suburb": "Colebee",
      "State": "NSW",
      "Postcode": "2761"
    },
    {
      "Division": "SUPERMARKETS",
      "Name": "Carlingford",
      "AddressLine1": "801-809 Pennant Hills Road",
      "Suburb": "Carlingford",
      "State": "NSW",
      "Postcode": "2118"
    },
    {
      "Division": "SUPERMARKETS",
      "Name": "Marayong",
      "AddressLine1": "Quakers Court, Cnr Falmouth And Quaker Roads",
      "Suburb": "Marayong",
      "State": "NSW",
      "Postcode": "2148"
    },
    {
      "Division": "SUPERMARKETS",
      "Name": "Eastwood",
      "AddressLine1": "Eastwood Centre, 160 Rowe Street",
      "Suburb": "Eastwood",
      "State": "NSW",
      "Postcode": "2122"
    },
    {
      "Division": "SUPERMARKETS",
      "Name": "Mosman (Metro)",
      "AddressLine1": "731-741 Military Rd",
      "Suburb": "Mosman",
      "State": "NSW",
      "Postcode": "2088"
    },
    {
      "Division": "SUPERMARKETS",
      "Name": "Lane Cove",
      "AddressLine1": "Cnr Longueville Road And Austin Street",
      "Suburb": "Lane Cove",
      "State": "NSW",
      "Postcode": "2066"
    },
    {
      "Division": "SUPERMARKETS",
      "Name": "Winston Hills",
      "AddressLine1": "Winston Hills Mall, 180 Caroline Chisholm Drive",
      "Suburb": "Winston Hills",
      "State": "NSW",
      "Postcode": "2153"
    },
    {
      "Division": "SUPERMARKETS",
      "Name": "Neutral Bay Village",
      "AddressLine1": "1-7 Rangers Road",
      "Suburb": "Neutral Bay",
      "State": "NSW",
      "Postcode": "2089"
    },
    {
      "Division": "SUPERMARKETS",
      "Name": "Crows Nest",
      "AddressLine1": "10 Falcon Street",
      "Suburb": "Crows Nest",
      "State": "NSW",
      "Postcode": "2065"
    },
    {
      "Division": "SUPERMARKETS",
      "Name": "West Ryde",
      "AddressLine1": "14 Anthony Road",
      "Suburb": "West Ryde",
      "State": "NSW",
      "Postcode": "2114"
    },
    {
      "Division": "SUPERMARKETS",
      "Name": "Plumpton",
      "AddressLine1": "260 Jersey Road",
      "Suburb": "Plumpton",
      "State": "NSW",
      "Postcode": "2761"
    },
    {
      "Division": "SUPERMARKETS",
      "Name": "Top Ryde",
      "AddressLine1": "Cnr Devlin Street And Blaxland Road",
      "Suburb": "Ryde",
      "State": "NSW",
      "Postcode": "2112"
    },
    {
      "Division": "SUPERMARKETS",
      "Name": "North Sydney Metro",
      "AddressLine1": "100 Miller St",
      "Suburb": "North Sydney",
      "State": "NSW",
      "Postcode": "2060"
    },
    {
      "Division": "SUPERMARKETS",
      "Name": "Boronia Park Metro",
      "AddressLine1": "130 Pittwater Road",
      "Suburb": "Boronia Park",
      "State": "NSW",
      "Postcode": "2111"
    },
    {
      "Division": "SUPERMARKETS",
      "Name": "Seven Hills",
      "AddressLine1": "224 Prospect Highway",
      "Suburb": "Seven Hills",
      "State": "NSW",
      "Postcode": "2147"
    },
    {
      "Division": "SUPERMARKETS",
      "Name": "Emerton",
      "AddressLine1": "Emerton Village Shopping Centre, Cnr Jersey Road And Bunting Street",
      "Suburb": "Emerton",
      "State": "NSW",
      "Postcode": "2770"
    },
    {
      "Division": "SUPERMARKETS",
      "Name": "North Parramatta",
      "AddressLine1": "1-9 North Rocks Road",
      "Suburb": "North Parramatta",
      "State": "NSW",
      "Postcode": "2151"
    },
    {
      "Division": "SUPERMARKETS",
      "Name": "Cranebrook",
      "AddressLine1": "80 - 98 Borrowdale Way",
      "Suburb": "Cranebrook",
      "State": "NSW",
      "Postcode": "2749"
    },
    {
      "Division": "SUPERMARKETS",
      "Name": "Blacktown",
      "AddressLine1": "Westpoint Shopping Centre, 17 Patrick Street",
      "Suburb": "Blacktown",
      "State": "NSW",
      "Postcode": "2148"
    },
    {
      "Division": "SUPERMARKETS",
      "Name": "Jordan Springs",
      "AddressLine1": "Cnr Lakeside Parade and Jordan Springs Boulevard",
      "Suburb": "Jordan Springs",
      "State": "NSW",
      "Postcode": "2747"
    },
    {
      "Division": "SUPERMARKETS",
      "Name": "Kirribilli Metro",
      "AddressLine1": "23 Broughton Street",
      "Suburb": "Kirribilli",
      "State": "NSW",
      "Postcode": "2061"
    },
    {
      "Division": "SUPERMARKETS",
      "Name": "Toongabbie",
      "AddressLine1": "17-19 Aurelia Street",
      "Suburb": "Toongabbie",
      "State": "NSW",
      "Postcode": "2146"
    },
    {
      "Division": "SUPERMARKETS",
      "Name": "Ermington",
      "AddressLine1": "30 Betty Cuthbert Avenue",
      "Suburb": "Ermington",
      "State": "NSW",
      "Postcode": "2115"
    },
    {
      "Division": "SUPERMARKETS",
      "Name": "Rhodes",
      "AddressLine1": "6-14 Walker Street",
      "Suburb": "Rhodes",
      "State": "NSW",
      "Postcode": "2138"
    },
    {
      "Division": "SUPERMARKETS",
      "Name": "Rose Bay (Metro)",
      "AddressLine1": "757 New South Head Road",
      "Suburb": "Rose Bay",
      "State": "NSW",
      "Postcode": "2029"
    },
    {
      "Division": "SUPERMARKETS",
      "Name": "George St Parramatta (Metro)",
      "AddressLine1": "180 George St",
      "Suburb": "Parramatta",
      "State": "NSW",
      "Postcode": "2150"
    }
  ]
}