{
    "result": [
        {
            "Id": "22362",
            "storeId": "22362",
            "postcode": "6152",
            "tag": "",
            "hasCatalogue": "0",
            "storeName": "Preston Street IGA (Como)",
            "displayName": "Preston Street IGA (Como)",
            "address": "25 Preston St,",
            "suburb": "Como",
            "state": "WA",
            "phone": "(08) 9367 2246",
            "fax": "",
            "latitude": "-31.994180000000000",
            "longitude": "115.859100000000000",
            "hours": "Open 24 Hours\r\nOpen 24 Hours\r\nOpen 24 Hours\r\nOpen 24 Hours\r\nOpen 24 Hours\r\nOpen 24 Hours\r\nOpen 24 Hours",
            "hoursDay": "Monday\r\nTuesday\r\nWednesday\r\nThursday\r\nFriday\r\nSaturday\r\nSunday"
        },
        {
            "Id": "21670",
            "storeId": "21670",
            "postcode": "6102",
            "tag": "83459",
            "hasCatalogue": "0",
            "storeName": "Tucker Fresh IGA Exchange",
            "displayName": "Tucker Fresh IGA Exchange",
            "address": "Curtin Exchange Precinct, University Boulevard",
            "suburb": "Bentley",
            "state": "WA",
            "phone": "08 9451 1778",
            "fax": "",
            "latitude": "-32.001255000000000",
            "longitude": "115.887373000000000",
            "hours": "7:00 AM - 8:00 PM\r\n7:00 AM - 8:00 PM\r\n7:00 AM - 8:00 PM\r\n7:00 AM - 8:00 PM\r\n7:00 AM - 8:00 PM\r\n7:00 AM - 8:00 PM\r\n7:00 AM - 8:00 PM",
            "hoursDay": "Monday\r\nTuesday\r\nWednesday\r\nThursday\r\nFriday\r\nSaturday\r\nSunday"
        },
        {
            "Id": "15397",
            "storeId": "15397",
            "postcode": "6152",
            "tag": "48069",
            "hasCatalogue": "0",
            "storeName": "IGA Local Grocer Manning",
            "displayName": "IGA Local Grocer Manning",
            "address": "13 Welwyn Ave\r\n",
            "suburb": "Manning",
            "state": "WA",
            "phone": "08 9450 3489",
            "fax": "",
            "latitude": "-32.014809000000000",
            "longitude": "115.868937000000000",
            "hours": "7AM - 8PM\r\n7AM - 8PM\r\n7AM - 8PM\r\n7AM - 8PM\r\n7AM - 8PM\r\n7AM - 8PM\r\n7AM - 8PM",
            "hoursDay": "Monday\r\nTuesday\r\nWednesday\r\nThursday\r\nFriday\r\nSaturday\r\nSunday"
        },
        {
            "Id": "15368",
            "storeId": "15368",
            "postcode": "6152",
            "tag": "53171",
            "hasCatalogue": "0",
            "storeName": "IGA Waterford",
            "displayName": "IGA Waterford",
            "address": "Cnr Manning Road and Kent St\r\nWaterford Plaza Shopping",
            "suburb": "Karawara",
            "state": "WA",
            "phone": "08 9200 4211",
            "fax": "",
            "latitude": "-32.012354000000000",
            "longitude": "115.886678000000000",
            "hours": "7:00 AM - 10:00 PM\r\n7:00 AM - 10:00 PM\r\n7:00 AM - 10:00 PM\r\n7:00 AM - 10:00 PM\r\n7:00 AM - 10:00 PM\r\n7:00 AM - 10:00 PM\r\n7:00 AM - 10:00 PM",
            "hoursDay": "Monday\r\nTuesday\r\nWednesday\r\nThursday\r\nFriday\r\nSaturday\r\nSunday"
        },
        {
            "Id": "15380",
            "storeId": "15380",
            "postcode": "6151",
            "tag": "53450",
            "hasCatalogue": "0",
            "storeName": "IGA Local Grocer Kensington",
            "displayName": "IGA Local Grocer Kensington",
            "address": "45-47 George Street\r\n",
            "suburb": "Kensington",
            "state": "WA",
            "phone": "08 9367 8288",
            "fax": "",
            "latitude": "-31.983067000000000",
            "longitude": "115.888505000000000",
            "hours": "",
            "hoursDay": ""
        },
        {
            "Id": "15303",
            "storeId": "15303",
            "postcode": "6153",
            "tag": "19851",
            "hasCatalogue": "0",
            "storeName": "IGA Canning Bridge Plus Liquor",
            "displayName": "IGA Canning Bridge Plus Liquor",
            "address": "916 Canning Highway\n",
            "suburb": "Applecross",
            "state": "WA",
            "phone": "08 9316 3533",
            "fax": "",
            "latitude": "-32.011555000000000",
            "longitude": "115.850891000000000",
            "hours": "",
            "hoursDay": "Trading Hours: 24 hours, 7 days a week\r\n"
        },
        {
            "Id": "22166",
            "storeId": "22166",
            "postcode": "6004",
            "tag": "",
            "hasCatalogue": "0",
            "storeName": "IGA Langley Park - Foodies Market",
            "displayName": "IGA Langley Park - Foodies Market",
            "address": "99 ADELAIDE TERRACE",
            "suburb": "East Perth",
            "state": "WA",
            "phone": "",
            "fax": "",
            "latitude": "-31.961200000000000",
            "longitude": "115.873410000000000",
            "hours": "",
            "hoursDay": ""
        },
        {
            "Id": "15287",
            "storeId": "15287",
            "postcode": "6102",
            "tag": "48086",
            "hasCatalogue": "0",
            "storeName": "IGA Bentley",
            "displayName": "IGA Bentley",
            "address": "9 Hillview Place\r\n",
            "suburb": "Bentley",
            "state": "WA",
            "phone": "08 9451 4905",
            "fax": "",
            "latitude": "-32.009263000000000",
            "longitude": "115.902538000000000",
            "hours": "7:00 AM - 9:00 PM\r\n7:00 AM - 9:00 PM\r\n7:00 AM - 9:00 PM\r\n7:00 AM - 9:00 PM\r\n7:00 AM - 9:00 PM\r\n7:00 AM - 9:00 PM\r\n7:00 AM - 9:00 PM",
            "hoursDay": "Monday\r\nTuesday\r\nWednesday\r\nThursday\r\nFriday\r\nSaturday\r\nSunday"
        },
        {
            "Id": "15338",
            "storeId": "15338",
            "postcode": "6100",
            "tag": "48264",
            "hasCatalogue": "0",
            "storeName": "IGA East Victoria Park",
            "displayName": "IGA East Victoria Park",
            "address": "860 Albany Highway\n",
            "suburb": "East Victoria Park",
            "state": "WA",
            "phone": "08 9470 2344",
            "fax": "",
            "latitude": "-31.985102000000000",
            "longitude": "115.903603000000000",
            "hours": "6:00 AM - 11:00 PM\r\n6:00 AM - 11:00 PM\r\n6:00 AM - 11:00 PM\r\n6:00 AM - 11:00 PM\r\n6:00 AM - 11:00 PM\r\n6:00 AM - 11:00 PM\r\n6:00 AM - 11:00 PM",
            "hoursDay": "Monday\r\nTuesday\r\nWednesday\r\nThursday\r\nFriday\r\nSaturday\r\nSunday"
        },
        {
            "Id": "15453",
            "storeId": "15453",
            "postcode": "6148",
            "tag": "48332",
            "hasCatalogue": "0",
            "storeName": "Tucker Fresh IGA Rossmoyne",
            "displayName": "Tucker Fresh IGA Rossmoyne",
            "address": "Rossmoyne Shopping Centre,  55 Central Road",
            "suburb": "Rossmoyne",
            "state": "WA",
            "phone": "08 9457 5553",
            "fax": "",
            "latitude": "-32.038620000000000",
            "longitude": "115.867706000000000",
            "hours": "7AM - 8PM\r\n7AM - 8PM\r\n7AM - 8PM\r\n7AM - 8PM\r\n7AM - 8PM\r\n7AM - 8PM\r\n7AM - 8PM",
            "hoursDay": "Monday\r\nTuesday\r\nWednesday\r\nThursday\r\nFriday\r\nSaturday\r\nSunday"
        }
    ],
    "suggestions": [
        {
            "data": "22362",
            "value": "Preston Street IGA (Como), 6152",
            "postcode": "6152",
            "tag": "",
            "hasCatalogue": "0",
            "latitude": "-31.994180000000000",
            "longitude": "115.859100000000000",
            "display": "Preston Street IGA (Como), 6152"
        },
        {
            "data": "21670",
            "value": "Tucker Fresh IGA Exchange, 6102",
            "postcode": "6102",
            "tag": "83459",
            "hasCatalogue": "0",
            "latitude": "-32.001255000000000",
            "longitude": "115.887373000000000",
            "display": "Tucker Fresh IGA Exchange, 6102"
        },
        {
            "data": "15397",
            "value": "IGA Local Grocer Manning, 6152",
            "postcode": "6152",
            "tag": "48069",
            "hasCatalogue": "0",
            "latitude": "-32.014809000000000",
            "longitude": "115.868937000000000",
            "display": "IGA Local Grocer Manning, 6152"
        },
        {
            "data": "15368",
            "value": "IGA Waterford, 6152",
            "postcode": "6152",
            "tag": "53171",
            "hasCatalogue": "0",
            "latitude": "-32.012354000000000",
            "longitude": "115.886678000000000",
            "display": "IGA Waterford, 6152"
        },
        {
            "data": "15380",
            "value": "IGA Local Grocer Kensington, 6151",
            "postcode": "6151",
            "tag": "53450",
            "hasCatalogue": "0",
            "latitude": "-31.983067000000000",
            "longitude": "115.888505000000000",
            "display": "IGA Local Grocer Kensington, 6151"
        },
        {
            "data": "15303",
            "value": "IGA Canning Bridge Plus Liquor, 6153",
            "postcode": "6153",
            "tag": "19851",
            "hasCatalogue": "0",
            "latitude": "-32.011555000000000",
            "longitude": "115.850891000000000",
            "display": "IGA Canning Bridge Plus Liquor, 6153"
        },
        {
            "data": "22166",
            "value": "IGA Langley Park - Foodies Market, 6004",
            "postcode": "6004",
            "tag": "",
            "hasCatalogue": "0",
            "latitude": "-31.961200000000000",
            "longitude": "115.873410000000000",
            "display": "IGA Langley Park - Foodies Market, 6004"
        },
        {
            "data": "15287",
            "value": "IGA Bentley, 6102",
            "postcode": "6102",
            "tag": "48086",
            "hasCatalogue": "0",
            "latitude": "-32.009263000000000",
            "longitude": "115.902538000000000",
            "display": "IGA Bentley, 6102"
        },
        {
            "data": "15338",
            "value": "IGA East Victoria Park, 6100",
            "postcode": "6100",
            "tag": "48264",
            "hasCatalogue": "0",
            "latitude": "-31.985102000000000",
            "longitude": "115.903603000000000",
            "display": "IGA East Victoria Park, 6100"
        },
        {
            "data": "15453",
            "value": "Tucker Fresh IGA Rossmoyne, 6148",
            "postcode": "6148",
            "tag": "48332",
            "hasCatalogue": "0",
            "latitude": "-32.038620000000000",
            "longitude": "115.867706000000000",
            "display": "Tucker Fresh IGA Rossmoyne, 6148"
        }
    ]
}