{
  "metadata": {
    "state": "WA",
    "store_count": 101
  },
  "Stores": [
    {
      "Division": "SUPERMARKETS",
      "Name": "Albany Bayonet Head",
      "AddressLine1": "206 Lower King Road",
      "Suburb": "Bayonet Head",
      "State": "WA",
      "Postcode": "6330"
    },
    {
      "Division": "SUPERMARKETS",
      "Name": "Albany Chester Pass",
      "AddressLine1": "Chester Pass Mall, Cnr Chester Pass And Catalina Roads",
      "Suburb": "Albany",
      "State": "WA",
      "Postcode": "6330"
    },
    {
      "Division": "SUPERMARKETS",
      "Name": "Albany Dog Rock",
      "AddressLine1": "Dog Rock Shopping Centre, Lockyer Avenue",
      "Suburb": "Albany",
      "State": "WA",
      "Postcode": "6330"
    },
    {
      "Division": "SUPERMARKETS",
      "Name": "Alexander Heights",
      "AddressLine1": "Alexander Heights Shopping Centre, Cnr Mirrabooka Avenue And Griffon Way",
      "Suburb": "Alexander Heights",
      "State": "WA",
      "Postcode": "6064"
    },
    {
      "Division": "SUPERMARKETS",
      "Name": "Armadale",
      "AddressLine1": "Cnr Neerigen Street And Orchard Avenue",
      "Suburb": "Armadale",
      "State": "WA",
      "Postcode": "6112"
    },
    {
      "Division": "SUPERMARKETS",
      "Name": "Aveley",
      "AddressLine1": "Cnr Millhouse Rd & Egerton Drive",
      "Suburb": "Aveley",
      "State": "WA",
      "Postcode": "6069"
    },
    {
      "Division": "SUPERMARKETS",
      "Name": "Balcatta",
      "AddressLine1": "732 Karrinyup Road",
      "Suburb": "Balcatta",
      "State": "WA",
      "Postcode": "6021"
    },
    {
      "Division": "SUPERMARKETS",
      "Name": "Baldivis",
      "AddressLine1": "Cnr Settlers and Safety Bay Road",
      "Suburb": "Baldivis",
      "State": "WA",
      "Postcode": "6171"
    },
    {
      "Division": "SUPERMARKETS",
      "Name": "Baldivis North",
      "AddressLine1": "114 Amazon Drive",
      "Suburb": "Baldivis",
      "State": "WA",
      "Postcode": "6171"
    },
    {
      "Division": "SUPERMARKETS",
      "Name": "Ballajura Central",
      "AddressLine1": "Glenview Marketplace, Cnr Hamelin And Bellefin Drives",
      "Suburb": "Ballajura",
      "State": "WA",
      "Postcode": "6066"
    },
    {
      "Division": "SUPERMARKETS",
      "Name": "Banksia Grove",
      "AddressLine1": "Ghost Gum Boulevard",
      "Suburb": "Banksia Grove",
      "State": "WA",
      "Postcode": "6031"
    },
    {
      "Division": "SUPERMARKETS",
      "Name": "Beechboro",
      "AddressLine1": "161 Altone Road",
      "Suburb": "Beechboro",
      "State": "WA",
      "Postcode": "6063"
    },
    {
      "Division": "SUPERMARKETS",
      "Name": "Beldon",
      "AddressLine1": "3 Gunter Grove Cnr Marmion Avenue",
      "Suburb": "Beldon",
      "State": "WA",
      "Postcode": "6027"
    },
    {
      "Division": "SUPERMARKETS",
      "Name": "Bennett Springs",
      "AddressLine1": "Cnr Beechboro Road And Bennett Springs Drive",
      "Suburb": "Beechboro",
      "State": "WA",
      "Postcode": "6063"
    },
    {
      "Division": "SUPERMARKETS",
      "Name": "Bentley",
      "AddressLine1": "1140 Albany Highway",
      "Suburb": "Bentley",
      "State": "WA",
      "Postcode": "6102"
    },
    {
      "Division": "SUPERMARKETS",
      "Name": "Booragoon",
      "AddressLine1": "Garden City Shopping Centre, 125 Riseley Street",
      "Suburb": "Booragoon",
      "State": "WA",
      "Postcode": "6154"
    },
    {
      "Division": "SUPERMARKETS",
      "Name": "Bullcreek",
      "AddressLine1": "Bullcreek Shopping Centre, 44 Benningfield Road",
      "Suburb": "Bullcreek",
      "State": "WA",
      "Postcode": "6149"
    },
    {
      "Division": "SUPERMARKETS",
      "Name": "Bunbury Forum",
      "AddressLine1": "Lot 63 Sandridge Road",
      "Suburb": "Bunbury",
      "State": "WA",
      "Postcode": "6230"
    },
    {
      "Division": "SUPERMARKETS",
      "Name": "Bunbury Plaza",
      "AddressLine1": "12 Forrest Avenue",
      "Suburb": "Bunbury",
      "State": "WA",
      "Postcode": "6230"
    },
    {
      "Division": "SUPERMARKETS",
      "Name": "Busselton Kent St",
      "AddressLine1": "65 Kent Street",
      "Suburb": "Busselton",
      "State": "WA",
      "Postcode": "6280"
    },
    {
      "Division": "SUPERMARKETS",
      "Name": "Butler",
      "AddressLine1": "Cnr Butler Drive & Exmouth Drive",
      "Suburb": "Butler",
      "State": "WA",
      "Postcode": "6036"
    },
    {
      "Division": "SUPERMARKETS",
      "Name": "Byford Town",
      "AddressLine1": "34 Abernethy Road",
      "Suburb": "Byford",
      "State": "WA",
      "Postcode": "6122"
    },
    {
      "Division": "SUPERMARKETS",
      "Name": "Cannington",
      "AddressLine1": "Westfield Carousel Shopping Centre 1382 Albany Highway",
      "Suburb": "Cannington",
      "State": "WA",
      "Postcode": "6107"
    },
    {
      "Division": "SUPERMARKETS",
      "Name": "Carnarvon",
      "AddressLine1": "Carnarvon Boulevard Cnr Alexander & Robinson Street",
      "Suburb": "Carnarvon",
      "State": "WA",
      "Postcode": "6701"
    },
    {
      "Division": "SUPERMARKETS",
      "Name": "Carramar",
      "AddressLine1": "Cnr Joondalup And Cheriton Drives",
      "Suburb": "Carramar",
      "State": "WA",
      "Postcode": "6031"
    },
    {
      "Division": "SUPERMARKETS",
      "Name": "Clarkson",
      "AddressLine1": "19 Neerabup Road",
      "Suburb": "Clarkson",
      "State": "WA",
      "Postcode": "6030"
    },
    {
      "Division": "SUPERMARKETS",
      "Name": "Collie",
      "AddressLine1": "Lot 534 Johnstone Street",
      "Suburb": "Collie",
      "State": "WA",
      "Postcode": "6225"
    },
    {
      "Division": "SUPERMARKETS",
      "Name": "Coolbellup",
      "AddressLine1": "1 Waverley Road",
      "Suburb": "Coolbellup",
      "State": "WA",
      "Postcode": "6163"
    },
    {
      "Division": "SUPERMARKETS",
      "Name": "Cottesloe",
      "AddressLine1": "Cottesloe Central, 460 Stirling Highway",
      "Suburb": "Cottesloe",
      "State": "WA",
      "Postcode": "6011"
    },
    {
      "Division": "SUPERMARKETS",
      "Name": "Currambine",
      "AddressLine1": "1244 Marmion Ave",
      "Suburb": "Currambine",
      "State": "WA",
      "Postcode": "6028"
    },
    {
      "Division": "SUPERMARKETS",
      "Name": "Dalyellup",
      "AddressLine1": "Bussell Highway and Norton Promenade",
      "Suburb": "Dalyellup",
      "State": "WA",
      "Postcode": "6230"
    },
    {
      "Division": "SUPERMARKETS",
      "Name": "Dianella",
      "AddressLine1": "360-366 Grand Promenade",
      "Suburb": "Dianella",
      "State": "WA",
      "Postcode": "6059"
    },
    {
      "Division": "SUPERMARKETS",
      "Name": "Dog Swamp",
      "AddressLine1": "Dog Swamp Shopping Centre, 6 Wanneroo Road",
      "Suburb": "Yokine",
      "State": "WA",
      "Postcode": "6060"
    },
    {
      "Division": "SUPERMARKETS",
      "Name": "Dunsborough",
      "AddressLine1": "52 Dunn Bay Road",
      "Suburb": "Dunsborough",
      "State": "WA",
      "Postcode": "6281"
    },
    {
      "Division": "SUPERMARKETS",
      "Name": "Eaton Fair",
      "AddressLine1": "Eaton Fair, Cnr Eaton And Recreation Drives",
      "Suburb": "Eaton",
      "State": "WA",
      "Postcode": "6232"
    },
    {
      "Division": "SUPERMARKETS",
      "Name": "Ellenbrook",
      "AddressLine1": "11 Main Street",
      "Suburb": "Ellenbrook",
      "State": "WA",
      "Postcode": "6069"
    },
    {
      "Division": "SUPERMARKETS",
      "Name": "Ellenbrook North",
      "AddressLine1": "80 Maffina Parade",
      "Suburb": "Ellenbrook",
      "State": "WA",
      "Postcode": "6069"
    },
    {
      "Division": "SUPERMARKETS",
      "Name": "Esperance",
      "AddressLine1": "Esperance Boulevard Shopping Centre, Forrest Street",
      "Suburb": "Esperance",
      "State": "WA",
      "Postcode": "6450"
    },
    {
      "Division": "SUPERMARKETS",
      "Name": "Floreat",
      "AddressLine1": "Floreat Forum, 1 Howtree  Place",
      "Suburb": "Floreat",
      "State": "WA",
      "Postcode": "6014"
    },
    {
      "Division": "SUPERMARKETS",
      "Name": "Forest Lakes",
      "AddressLine1": "101 Forest Lakes Drive",
      "Suburb": "Thornlie",
      "State": "WA",
      "Postcode": "6108"
    },
    {
      "Division": "SUPERMARKETS",
      "Name": "Forrestfield",
      "AddressLine1": "20 Strelitzia Avenue, Cnr Hale Road",
      "Suburb": "Forrestfield",
      "State": "WA",
      "Postcode": "6058"
    },
    {
      "Division": "SUPERMARKETS",
      "Name": "Fremantle South",
      "AddressLine1": "219 Hampton Road",
      "Suburb": "South Fremantle",
      "State": "WA",
      "Postcode": "6162"
    },
    {
      "Division": "SUPERMARKETS",
      "Name": "Gateways",
      "AddressLine1": "Cockburn Gateway Shopping City, Cnr Wentworth Pde and Beelair Drive",
      "Suburb": "Success",
      "State": "WA",
      "Postcode": "6164"
    },
    {
      "Division": "SUPERMARKETS",
      "Name": "Geraldton",
      "AddressLine1": "Centro Stirling, 54 Sanford Street",
      "Suburb": "Geraldton",
      "State": "WA",
      "Postcode": "6530"
    },
    {
      "Division": "SUPERMARKETS",
      "Name": "Harrisdale",
      "AddressLine1": "Cnr Nicholson Rd & Yellowwood Avenue",
      "Suburb": "Harrisdale",
      "State": "WA",
      "Postcode": "6112"
    },
    {
      "Division": "SUPERMARKETS",
      "Name": "Harvest Lakes",
      "AddressLine1": "80 Lyon Rd",
      "Suburb": "Atwell",
      "State": "WA",
      "Postcode": "6164"
    },
    {
      "Division": "SUPERMARKETS",
      "Name": "Highgate",
      "AddressLine1": "80 Bulwer Street",
      "Suburb": "Perth",
      "State": "WA",
      "Postcode": "6000"
    },
    {
      "Division": "SUPERMARKETS",
      "Name": "Hocking",
      "AddressLine1": "100 Gungurru Ave",
      "Suburb": "Hocking",
      "State": "WA",
      "Postcode": "6065"
    },
    {
      "Division": "SUPERMARKETS",
      "Name": "Inglewood",
      "AddressLine1": "861 Beaufort Street",
      "Suburb": "Inglewood",
      "State": "WA",
      "Postcode": "6052"
    },
    {
      "Division": "SUPERMARKETS",
      "Name": "Innaloo",
      "AddressLine1": "384 Scarborough Beach Road",
      "Suburb": "Innaloo",
      "State": "WA",
      "Postcode": "6018"
    },
    {
      "Division": "SUPERMARKETS",
      "Name": "Joondalup",
      "AddressLine1": "Lakeside Joondalup Shopping Centre, 420 Joondalup Drive",
      "Suburb": "Joondalup",
      "State": "WA",
      "Postcode": "6027"
    },
    {
      "Division": "SUPERMARKETS",
      "Name": "Kalamunda",
      "AddressLine1": "Glades Shopping Centre, 123 Canning Road",
      "Suburb": "Kalamunda",
      "State": "WA",
      "Postcode": "6076"
    },
    {
      "Division": "SUPERMARKETS",
      "Name": "Kalgoorlie",
      "AddressLine1": "Kalgoorlie Plaza Shopping Centre, Hannan Street",
      "Suburb": "Kalgoorlie",
      "State": "WA",
      "Postcode": "6430"
    },
    {
      "Division": "SUPERMARKETS",
      "Name": "Kambalda",
      "AddressLine1": "Kambalda Shopping Centre, Bluebush Road",
      "Suburb": "Kambalda",
      "State": "WA",
      "Postcode": "6442"
    },
    {
      "Division": "SUPERMARKETS",
      "Name": "Karrinyup",
      "AddressLine1": "Karrinyup Shopping Centre, 200 Karrinyup Road",
      "Suburb": "Karrinyup",
      "State": "WA",
      "Postcode": "6018"
    },
    {
      "Division": "SUPERMARKETS",
      "Name": "Katanning",
      "AddressLine1": "Clive Street",
      "Suburb": "Katanning",
      "State": "WA",
      "Postcode": "6317"
    },
    {
      "Division": "SUPERMARKETS",
      "Name": "Kelmscott",
      "AddressLine1": "Kelmscott Central Shopping Centre, 2889 Albany Highway",
      "Suburb": "Kelmscott",
      "State": "WA",
      "Postcode": "6111"
    },
    {
      "Division": "SUPERMARKETS",
      "Name": "Kingsway",
      "AddressLine1": "Kingsway Shopping Centre, 168 Wanneroo Road",
      "Suburb": "Madeley",
      "State": "WA",
      "Postcode": "6065"
    },
    {
      "Division": "SUPERMARKETS",
      "Name": "Kwinana",
      "AddressLine1": "Kwinana Hub Shopping Centre, Cnr Chisolm And Gilmore Avenues",
      "Suburb": "Kwinana",
      "State": "WA",
      "Postcode": "6167"
    },
    {
      "Division": "SUPERMARKETS",
      "Name": "Livingston",
      "AddressLine1": "Cnr Nicholson And Ranford Roads",
      "Suburb": "Canning Vale",
      "State": "WA",
      "Postcode": "6155"
    },
    {
      "Division": "SUPERMARKETS",
      "Name": "Maddington",
      "AddressLine1": "43 Attfield Street",
      "Suburb": "Maddington",
      "State": "WA",
      "Postcode": "6109"
    },
    {
      "Division": "SUPERMARKETS",
      "Name": "Mandurah Central",
      "AddressLine1": "Smart Street",
      "Suburb": "Mandurah",
      "State": "WA",
      "Postcode": "6210"
    },
    {
      "Division": "SUPERMARKETS",
      "Name": "Mandurah Forum",
      "AddressLine1": "330 Pinjarra Road",
      "Suburb": "Mandurah",
      "State": "WA",
      "Postcode": "6210"
    },
    {
      "Division": "SUPERMARKETS",
      "Name": "Mandurah Greenfields",
      "AddressLine1": "2 Eaglemont Street (Cnr Kirkpatrick Drive)",
      "Suburb": "Mandurah",
      "State": "WA",
      "Postcode": "6210"
    },
    {
      "Division": "SUPERMARKETS",
      "Name": "Manjimup",
      "AddressLine1": "93 - 101 Mottram Street",
      "Suburb": "Manjimup",
      "State": "WA",
      "Postcode": "6258"
    },
    {
      "Division": "SUPERMARKETS",
      "Name": "Margaret River",
      "AddressLine1": "Town View Terrace & Willmott Avenue",
      "Suburb": "Margaret River",
      "State": "WA",
      "Postcode": "6285"
    },
    {
      "Division": "SUPERMARKETS",
      "Name": "Melville",
      "AddressLine1": "Cnr Stock Road And Leach Highway",
      "Suburb": "Willagee",
      "State": "WA",
      "Postcode": "6156"
    },
    {
      "Division": "SUPERMARKETS",
      "Name": "Miami Plaza",
      "AddressLine1": "3 Olive Road",
      "Suburb": "Falcon",
      "State": "WA",
      "Postcode": "6210"
    },
    {
      "Division": "SUPERMARKETS",
      "Name": "Midland Centrepoint",
      "AddressLine1": "Midland Centrepoint Shopping Centre, 309 Great Eastern Highway",
      "Suburb": "Midland",
      "State": "WA",
      "Postcode": "6056"
    },
    {
      "Division": "SUPERMARKETS",
      "Name": "Midland Gate",
      "AddressLine1": "274 Great Eastern Highway",
      "Suburb": "Midland",
      "State": "WA",
      "Postcode": "6056"
    },
    {
      "Division": "SUPERMARKETS",
      "Name": "Midvale",
      "AddressLine1": "227 Morrison Road",
      "Suburb": "Midvale",
      "State": "WA",
      "Postcode": "6056"
    },
    {
      "Division": "SUPERMARKETS",
      "Name": "Mirrabooka",
      "AddressLine1": "Mirrabooka Square Shopping Centre, 43 Yirrigan Drive",
      "Suburb": "Mirrabooka",
      "State": "WA",
      "Postcode": "6061"
    },
    {
      "Division": "SUPERMARKETS",
      "Name": "Morley",
      "AddressLine1": "4 Collier Road",
      "Suburb": "Morley",
      "State": "WA",
      "Postcode": "6062"
    },
    {
      "Division": "SUPERMARKETS",
      "Name": "Mount Pleasant",
      "AddressLine1": "39 Reynolds Road",
      "Suburb": "Mount Pleasant",
      "State": "WA",
      "Postcode": "6153"
    },
    {
      "Division": "SUPERMARKETS",
      "Name": "Mt Hawthorn",
      "AddressLine1": "The Mezz, Cnr Flinders Street And Scarborough Beach Road",
      "Suburb": "Mt Hawthorn",
      "State": "WA",
      "Postcode": "6016"
    },
    {
      "Division": "SUPERMARKETS",
      "Name": "Mundaring",
      "AddressLine1": "Mundaring Shopping Centre, Cnr Mann Street And Great Eastern Highway",
      "Suburb": "Mundaring",
      "State": "WA",
      "Postcode": "6073"
    },
    {
      "Division": "SUPERMARKETS",
      "Name": "Murray Street",
      "AddressLine1": "166 Murray Street",
      "Suburb": "Perth",
      "State": "WA",
      "Postcode": "6000"
    },
    {
      "Division": "SUPERMARKETS",
      "Name": "Noranda",
      "AddressLine1": "Noranda Palms Shopping Centre, Cnr Mcgilvary Street And Benara Road",
      "Suburb": "Noranda",
      "State": "WA",
      "Postcode": "6062"
    },
    {
      "Division": "SUPERMARKETS",
      "Name": "Northam",
      "AddressLine1": "165 Fitzgerald Street",
      "Suburb": "Northam",
      "State": "WA",
      "Postcode": "6401"
    },
    {
      "Division": "SUPERMARKETS",
      "Name": "Palmyra",
      "AddressLine1": "Stammers Shopping Centre, 265 Canning Highway",
      "Suburb": "Palmyra",
      "State": "WA",
      "Postcode": "6157"
    },
    {
      "Division": "SUPERMARKETS",
      "Name": "Perth Airport",
      "AddressLine1": "10 High Street",
      "Suburb": "Perth Airport",
      "State": "WA",
      "Postcode": "6105"
    },
    {
      "Division": "SUPERMARKETS",
      "Name": "Port Coogee",
      "AddressLine1": "6 Calypso Parade",
      "Suburb": "North Coogee",
      "State": "WA",
      "Postcode": "6163"
    },
    {
      "Division": "SUPERMARKETS",
      "Name": "Riverton",
      "AddressLine1": "Cnr High Road And Willeri Drive",
      "Suburb": "Riverton",
      "State": "WA",
      "Postcode": "6148"
    },
    {
      "Division": "SUPERMARKETS",
      "Name": "Rockingham",
      "AddressLine1": "Rockingham City Shopping Centre, 1 Council Avenue",
      "Suburb": "Rockingham",
      "State": "WA",
      "Postcode": "6168"
    },
    {
      "Division": "SUPERMARKETS",
      "Name": "Seacrest",
      "AddressLine1": "75 Barrett Drive",
      "Suburb": "Wandina",
      "State": "WA",
      "Postcode": "6530"
    },
    {
      "Division": "SUPERMARKETS",
      "Name": "Secret Harbour",
      "AddressLine1": "Oasis Drive",
      "Suburb": "Secret Harhour",
      "State": "WA",
      "Postcode": "6173"
    },
    {
      "Division": "SUPERMARKETS",
      "Name": "Southern River",
      "AddressLine1": "Cnr Amherst And Warton Roads",
      "Suburb": "Southern River",
      "State": "WA",
      "Postcode": "6110"
    },
    {
      "Division": "SUPERMARKETS",
      "Name": "Southlands",
      "AddressLine1": "Southlands Shopping Centre, 45 Burrendah Boulevard",
      "Suburb": "Willetton",
      "State": "WA",
      "Postcode": "6155"
    },
    {
      "Division": "SUPERMARKETS",
      "Name": "Spearwood",
      "AddressLine1": "254 Rockingham Road",
      "Suburb": "Spearwood",
      "State": "WA",
      "Postcode": "6163"
    },
    {
      "Division": "SUPERMARKETS",
      "Name": "St Georges Terrace",
      "AddressLine1": "100 St Georges Tce",
      "Suburb": "Perth",
      "State": "WA",
      "Postcode": "6000"
    },
    {
      "Division": "SUPERMARKETS",
      "Name": "Stirling Central",
      "AddressLine1": "Stirling Central Shopping Centre, 478 Wanneroo Road",
      "Suburb": "Westminster",
      "State": "WA",
      "Postcode": "6061"
    },
    {
      "Division": "SUPERMARKETS",
      "Name": "Subiaco Square",
      "AddressLine1": "Centro Subiaco, 29 Station Street",
      "Suburb": "Subiaco",
      "State": "WA",
      "Postcode": "6008"
    },
    {
      "Division": "SUPERMARKETS",
      "Name": "Thornlie Square",
      "AddressLine1": "318 Spencer Road",
      "Suburb": "Thornlie",
      "State": "WA",
      "Postcode": "6108"
    },
    {
      "Division": "SUPERMARKETS",
      "Name": "Treendale",
      "AddressLine1": "Ditchingham Place",
      "Suburb": "Australind",
      "State": "WA",
      "Postcode": "6233"
    },
    {
      "Division": "SUPERMARKETS",
      "Name": "Victoria Park",
      "AddressLine1": "Victoria Park Central, 366 Albany Highway",
      "Suburb": "Victoria Park",
      "State": "WA",
      "Postcode": "6100"
    },
    {
      "Division": "SUPERMARKETS",
      "Name": "Waikiki",
      "AddressLine1": "Waikiki Village Shopping Centre, 7 Read Street",
      "Suburb": "Waikiki",
      "State": "WA",
      "Postcode": "6169"
    },
    {
      "Division": "SUPERMARKETS",
      "Name": "Warnbro",
      "AddressLine1": "206 Warnbro Sound Avenue",
      "Suburb": "Warnbro",
      "State": "WA",
      "Postcode": "6169"
    },
    {
      "Division": "SUPERMARKETS",
      "Name": "Wellard",
      "AddressLine1": "Runnymede Gate and The Strand",
      "Suburb": "Wellard",
      "State": "WA",
      "Postcode": "6170"
    },
    {
      "Division": "SUPERMARKETS",
      "Name": "Whitfords City",
      "AddressLine1": "Cnr Marmion And Whitford Avenues",
      "Suburb": "Hillarys",
      "State": "WA",
      "Postcode": "6025"
    },
    {
      "Division": "SUPERMARKETS",
      "Name": "Woodvale",
      "AddressLine1": "Woodvale Shopping Centre, Cnr Trappers Drive And Whitfords Avenue",
      "Suburb": "Woodvale",
      "State": "WA",
      "Postcode": "6026"
    },
    {
      "Division": "SUPERMARKETS",
      "Name": "Yanchep",
      "AddressLine1": "Cnr Yanchep Beach Rd & Marmion Ave",
      "Suburb": "Yanchep",
      "State": "WA",
      "Postcode": "6035"
    }
  ]
}