{
  "Stores": [
    {
      "Division": "SUPERMARKETS",
      "Name": "222 Exhibition St (Metro)",
      "AddressLine1": "222 Exhibition St",
      "Suburb": "Melbourne",
      "State": "VIC",
      "Postcode": "3000"
    },
    {
      "Division": "SUPERMARKETS",
      "Name": "Abbotsford",
      "AddressLine1": "313 Victoria Street",
      "Suburb": "Abbotsford",
      "State": "VIC",
      "Postcode": "3067"
    },
    {
      "Division": "SUPERMARKETS",
      "Name": "Abbotsford Metro",
      "AddressLine1": "247 - 259 Johnston St",
      "Suburb": "Abbotsford",
      "State": "VIC",
      "Postcode": "3067"
    },
    {
      "Division": "SUPERMARKETS",
      "Name": "Airport West",
      "AddressLine1": "Westfield  Airport West, 25-39 Louis Street",
      "Suburb": "Airport West",
      "State": "VIC",
      "Postcode": "3042"
    },
    {
      "Division": "SUPERMARKETS",
      "Name": "Albert Park Metro",
      "AddressLine1": "95-97 Dundas Pl, Albert Park, VIC",
      "Suburb": "Albert Park",
      "State": "VIC",
      "Postcode": "3206"
    },
    {
      "Division": "SUPERMARKETS",
      "Name": "Ararat",
      "AddressLine1": "3 Ingor Street",
      "Suburb": "Ararat",
      "State": "VIC",
      "Postcode": "3377"
    },
    {
      "Division": "SUPERMARKETS",
      "Name": "Ascot Vale (Metro)",
      "AddressLine1": "327-357 Mount Alexander Rd",
      "Suburb": "Ascot Vale",
      "State": "VIC",
      "Postcode": "3032"
    },
    {
      "Division": "SUPERMARKETS",
      "Name": "Ashwood",
      "AddressLine1": "551-557 Warrigal Road",
      "Suburb": "Ashwood",
      "State": "VIC",
      "Postcode": "3147"
    },
    {
      "Division": "SUPERMARKETS",
      "Name": "Bairnsdale",
      "AddressLine1": "146 Nicholson Street",
      "Suburb": "Bairnsdale",
      "State": "VIC",
      "Postcode": "3875"
    },
    {
      "Division": "SUPERMARKETS",
      "Name": "Balaclava (Metro)",
      "AddressLine1": "220 Carlisle Street",
      "Suburb": "Balaclava",
      "State": "VIC",
      "Postcode": "3183"
    },
    {
      "Division": "SUPERMARKETS",
      "Name": "Ballarat Central",
      "AddressLine1": "7-25 Eastwood Street",
      "Suburb": "Ballarat",
      "State": "VIC",
      "Postcode": "3350"
    },
    {
      "Division": "SUPERMARKETS",
      "Name": "Balwyn",
      "AddressLine1": "Cnr Whitehorse Road And Mangan Street",
      "Suburb": "Balwyn",
      "State": "VIC",
      "Postcode": "3103"
    },
    {
      "Division": "SUPERMARKETS",
      "Name": "Banchory Grove",
      "AddressLine1": "1-15 Banchory Avenue",
      "Suburb": "Hillside",
      "State": "VIC",
      "Postcode": "3037"
    },
    {
      "Division": "SUPERMARKETS",
      "Name": "Bannockburn Central",
      "AddressLine1": "17 McPhillips Road",
      "Suburb": "Bannockburn",
      "State": "VIC",
      "Postcode": "3331"
    },
    {
      "Division": "SUPERMARKETS",
      "Name": "Barkly Square",
      "AddressLine1": "90-106 Sydney Road, Barkly Square Shopping Centre",
      "Suburb": "Brunswick",
      "State": "VIC",
      "Postcode": "3056"
    },
    {
      "Division": "SUPERMARKETS",
      "Name": "Barrabool Hills",
      "AddressLine1": "4-46 Province Boulevard",
      "Suburb": "Highton",
      "State": "VIC",
      "Postcode": "3216"
    },
    {
      "Division": "SUPERMARKETS",
      "Name": "Baxter",
      "AddressLine1": "96-106 Baxter-Tooradin Road",
      "Suburb": "Baxter",
      "State": "VIC",
      "Postcode": "3911"
    },
    {
      "Division": "SUPERMARKETS",
      "Name": "Bayswater",
      "AddressLine1": "659 Mountain Highway",
      "Suburb": "Bayswater",
      "State": "VIC",
      "Postcode": "3153"
    },
    {
      "Division": "SUPERMARKETS",
      "Name": "Beaconsfield",
      "AddressLine1": "28 Sylvia Road",
      "Suburb": "Beaconsfield",
      "State": "VIC",
      "Postcode": "3807"
    },
    {
      "Division": "SUPERMARKETS",
      "Name": "Belgrave",
      "AddressLine1": "16-29 Burwood Highway",
      "Suburb": "Belgrave",
      "State": "VIC",
      "Postcode": "3160"
    },
    {
      "Division": "SUPERMARKETS",
      "Name": "Bell Post",
      "AddressLine1": "290-306 Anakie Road",
      "Suburb": "Norlane",
      "State": "VIC",
      "Postcode": "3214"
    },
    {
      "Division": "SUPERMARKETS",
      "Name": "Bellarine (Newcomb)",
      "AddressLine1": "27-41 Bellarine Highway",
      "Suburb": "Newcomb",
      "State": "VIC",
      "Postcode": "3219"
    },
    {
      "Division": "SUPERMARKETS",
      "Name": "Benalla",
      "AddressLine1": "49-59 Smythe St",
      "Suburb": "Benalla",
      "State": "VIC",
      "Postcode": "3672"
    },
    {
      "Division": "SUPERMARKETS",
      "Name": "Bendigo Market Place",
      "AddressLine1": "116-120 Mitchell Street",
      "Suburb": "Bendigo",
      "State": "VIC",
      "Postcode": "3550"
    },
    {
      "Division": "SUPERMARKETS",
      "Name": "Bentleigh",
      "AddressLine1": "524 Centre Road",
      "Suburb": "Bentleigh",
      "State": "VIC",
      "Postcode": "3204"
    },
    {
      "Division": "SUPERMARKETS",
      "Name": "Berwick",
      "AddressLine1": "1-9 Lyall Road",
      "Suburb": "Berwick",
      "State": "VIC",
      "Postcode": "3806"
    },
    {
      "Division": "SUPERMARKETS",
      "Name": "Black Rock (Metro)",
      "AddressLine1": "39-41A Bluff Road",
      "Suburb": "Black Rock",
      "State": "VIC",
      "Postcode": "3193"
    },
    {
      "Division": "SUPERMARKETS",
      "Name": "Blackburn North",
      "AddressLine1": "66-104 Springfield Road",
      "Suburb": "Blackburn North",
      "State": "VIC",
      "Postcode": "3130"
    },
    {
      "Division": "SUPERMARKETS",
      "Name": "Blackburn South",
      "AddressLine1": "117-125 Canterbury Road",
      "Suburb": "Blackburn South",
      "State": "VIC",
      "Postcode": "3130"
    },
    {
      "Division": "SUPERMARKETS",
      "Name": "Boronia Junction",
      "AddressLine1": "127 Boronia Road",
      "Suburb": "Boronia",
      "State": "VIC",
      "Postcode": "3155"
    },
    {
      "Division": "SUPERMARKETS",
      "Name": "Bourke Street (Metro)",
      "AddressLine1": "600 Bourke Street",
      "Suburb": "Melbourne",
      "State": "VIC",
      "Postcode": "3000"
    },
    {
      "Division": "SUPERMARKETS",
      "Name": "Box Hill",
      "AddressLine1": "Cnr Main & Station Street",
      "Suburb": "Box Hill",
      "State": "VIC",
      "Postcode": "3128"
    },
    {
      "Division": "SUPERMARKETS",
      "Name": "Bright",
      "AddressLine1": "87-91 Gavan Street",
      "Suburb": "Bright",
      "State": "VIC",
      "Postcode": "3741"
    },
    {
      "Division": "SUPERMARKETS",
      "Name": "Broadmeadows",
      "AddressLine1": "Town Centre, Pascoe Vale Road",
      "Suburb": "Broadmeadows",
      "State": "VIC",
      "Postcode": "3047"
    },
    {
      "Division": "SUPERMARKETS",
      "Name": "Brunswick",
      "AddressLine1": "300-304 Albert Street",
      "Suburb": "Brunswick",
      "State": "VIC",
      "Postcode": "3056"
    },
    {
      "Division": "SUPERMARKETS",
      "Name": "Brunswick North Metro",
      "AddressLine1": "808 Sydney Rd",
      "Suburb": "Brunswick North",
      "State": "VIC",
      "Postcode": "3056"
    },
    {
      "Division": "SUPERMARKETS",
      "Name": "Bundoora",
      "AddressLine1": "69-85 Plenty Road",
      "Suburb": "Bundoora",
      "State": "VIC",
      "Postcode": "3083"
    },
    {
      "Division": "SUPERMARKETS",
      "Name": "Burwood Brickworks",
      "AddressLine1": "78 Middleborough Road, Burwood East",
      "Suburb": "Burwood East",
      "State": "VIC",
      "Postcode": "3151"
    },
    {
      "Division": "SUPERMARKETS",
      "Name": "Burwood East",
      "AddressLine1": "42-50 Burwood Highway",
      "Suburb": "Burwood East",
      "State": "VIC",
      "Postcode": "3151"
    },
    {
      "Division": "SUPERMARKETS",
      "Name": "Camberwell",
      "AddressLine1": "5-57 Station Street",
      "Suburb": "Camberwell",
      "State": "VIC",
      "Postcode": "3124"
    },
    {
      "Division": "SUPERMARKETS",
      "Name": "Camperdown",
      "AddressLine1": "9 Cressy Street",
      "Suburb": "Camperdown",
      "State": "VIC",
      "Postcode": "3260"
    },
    {
      "Division": "SUPERMARKETS",
      "Name": "Canterbury Gardens",
      "AddressLine1": "17-39 Canterbury Road",
      "Suburb": "Bayswater North",
      "State": "VIC",
      "Postcode": "3153"
    },
    {
      "Division": "SUPERMARKETS",
      "Name": "Carlton",
      "AddressLine1": "Lygon Court 368 - 380 Lygon Street",
      "Suburb": "Carlton",
      "State": "VIC",
      "Postcode": "3053"
    },
    {
      "Division": "SUPERMARKETS",
      "Name": "Carnegie (Metro)",
      "AddressLine1": "11-29 Kokaribb Road",
      "Suburb": "Carnegie",
      "State": "VIC",
      "Postcode": "3163"
    },
    {
      "Division": "SUPERMARKETS",
      "Name": "Carnegie North",
      "AddressLine1": "2/20 Koornang Road",
      "Suburb": "Carnegie",
      "State": "VIC",
      "Postcode": "3163"
    },
    {
      "Division": "SUPERMARKETS",
      "Name": "Caroline Springs",
      "AddressLine1": "8 Commercial Road",
      "Suburb": "Caroline Springs",
      "State": "VIC",
      "Postcode": "3023"
    },
    {
      "Division": "SUPERMARKETS",
      "Name": "Carrum Downs",
      "AddressLine1": "100 Hall Road",
      "Suburb": "Carrum Downs",
      "State": "VIC",
      "Postcode": "3201"
    },
    {
      "Division": "SUPERMARKETS",
      "Name": "Casey Central",
      "AddressLine1": "Cnr Little Croft Ave & Narre Warren Cranbourne Rd",
      "Suburb": "Narre Warren South",
      "State": "VIC",
      "Postcode": "3805"
    },
    {
      "Division": "SUPERMARKETS",
      "Name": "Castlemaine",
      "AddressLine1": "100 Forest Street",
      "Suburb": "Castlemaine",
      "State": "VIC",
      "Postcode": "3450"
    },
    {
      "Division": "SUPERMARKETS",
      "Name": "Caulfield North Metro",
      "AddressLine1": "360 Orrong Rd",
      "Suburb": "Caulfield North",
      "State": "VIC",
      "Postcode": "3161"
    },
    {
      "Division": "SUPERMARKETS",
      "Name": "Caulfield South Metro",
      "AddressLine1": "371-377 Hawthorn Rd ",
      "Suburb": "Caulfield South",
      "State": "VIC",
      "Postcode": "3162"
    },
    {
      "Division": "SUPERMARKETS",
      "Name": "Centre Plaza (Mildura)",
      "AddressLine1": "Centre Plaza, 831 Fifteenth Street",
      "Suburb": "Mildura",
      "State": "VIC",
      "Postcode": "3500"
    },
    {
      "Division": "SUPERMARKETS",
      "Name": "Chadstone",
      "AddressLine1": "Shop No: M004, 1341 Dandenong Road",
      "Suburb": "Chadstone ",
      "State": "VIC",
      "Postcode": "3148"
    },
    {
      "Division": "SUPERMARKETS",
      "Name": "Charlemont Rise",
      "AddressLine1": "1/83-93 Precinct Road",
      "Suburb": "Charlemont",
      "State": "VIC",
      "Postcode": "3217"
    },
    {
      "Division": "SUPERMARKETS",
      "Name": "Chelsea",
      "AddressLine1": "31-33 Bath Street",
      "Suburb": "Chelsea",
      "State": "VIC",
      "Postcode": "3196"
    },
    {
      "Division": "SUPERMARKETS",
      "Name": "Chirnside Park",
      "AddressLine1": "239-241 Maroondah Highway",
      "Suburb": "Chirnside Park",
      "State": "VIC",
      "Postcode": "3116"
    },
    {
      "Division": "SUPERMARKETS",
      "Name": "Churchill",
      "AddressLine1": "Cnr Marina Drive & Monash Way",
      "Suburb": "Churchill",
      "State": "VIC",
      "Postcode": "3842"
    },
    {
      "Division": "SUPERMARKETS",
      "Name": "City North (Metro)",
      "AddressLine1": "611 Elizabeth Street, Melbourne",
      "Suburb": "Melbourne",
      "State": "VIC",
      "Postcode": "3000"
    },
    {
      "Division": "SUPERMARKETS",
      "Name": "Clarinda",
      "AddressLine1": "Cnr Bourke Road And Viney Street",
      "Suburb": "Clarinda",
      "State": "VIC",
      "Postcode": "3169"
    },
    {
      "Division": "SUPERMARKETS",
      "Name": "Clayton M-City",
      "AddressLine1": "No. M02 M-City  2107 Dandenong Road",
      "Suburb": "Clayton",
      "State": "VIC",
      "Postcode": "3168"
    },
    {
      "Division": "SUPERMARKETS",
      "Name": "Clifton Hill Metro",
      "AddressLine1": "141-147 Queens Parade",
      "Suburb": "Clifton Hill",
      "State": "VIC",
      "Postcode": "3068"
    },
    {
      "Division": "SUPERMARKETS",
      "Name": "Cobram",
      "AddressLine1": "54-58 Punt Road",
      "Suburb": "Cobram",
      "State": "VIC",
      "Postcode": "3644"
    },
    {
      "Division": "SUPERMARKETS",
      "Name": "Coburg Hills",
      "AddressLine1": "Elizabeth and Snapshot Drive",
      "Suburb": "Coburg North",
      "State": "VIC",
      "Postcode": "3058"
    },
    {
      "Division": "SUPERMARKETS",
      "Name": "Coburg Station",
      "AddressLine1": "1 - 3 Louisa Street",
      "Suburb": "Coburg",
      "State": "VIC",
      "Postcode": "3058"
    },
    {
      "Division": "SUPERMARKETS",
      "Name": "Colac",
      "AddressLine1": "2-16 Bromfield Street",
      "Suburb": "Colac",
      "State": "VIC",
      "Postcode": "3250"
    },
    {
      "Division": "SUPERMARKETS",
      "Name": "Collins Square Metro",
      "AddressLine1": "727 Collins Street",
      "Suburb": "Docklands",
      "State": "VIC",
      "Postcode": "3008"
    },
    {
      "Division": "SUPERMARKETS",
      "Name": "Corio",
      "AddressLine1": "Cnr Bacchus Marsh And Purnell Roads",
      "Suburb": "Corio",
      "State": "VIC",
      "Postcode": "3214"
    },
    {
      "Division": "SUPERMARKETS",
      "Name": "Cowes",
      "AddressLine1": "117-133 Thompson Avenue",
      "Suburb": "Cowes",
      "State": "VIC",
      "Postcode": "3922"
    },
    {
      "Division": "SUPERMARKETS",
      "Name": "Craigieburn Highlands",
      "AddressLine1": "Cnr Aitkin St & Grand Boulevard",
      "Suburb": "Craigieburn",
      "State": "VIC",
      "Postcode": "3064"
    },
    {
      "Division": "SUPERMARKETS",
      "Name": "Craigieburn Plaza",
      "AddressLine1": "Craigieburn Plaza Shopping Centre, Craigieburn Road West And Hanson Street",
      "Suburb": "Craigieburn",
      "State": "VIC",
      "Postcode": "3064"
    },
    {
      "Division": "SUPERMARKETS",
      "Name": "Craigieburn Town Centre",
      "AddressLine1": "Craigieburn Rd & Aitken Blvd",
      "Suburb": "Craigieburn",
      "State": "VIC",
      "Postcode": "3064"
    },
    {
      "Division": "SUPERMARKETS",
      "Name": "Cranbourne East ( Hunt Club)",
      "AddressLine1": "1s Linsell Boulevard",
      "Suburb": "Cranbourne",
      "State": "VIC",
      "Postcode": "3977"
    },
    {
      "Division": "SUPERMARKETS",
      "Name": "Cranbourne North",
      "AddressLine1": "Cnr Thompson Road And South Gippsland Highway",
      "Suburb": "Cranbourne",
      "State": "VIC",
      "Postcode": "3977"
    },
    {
      "Division": "SUPERMARKETS",
      "Name": "Cranbourne West",
      "AddressLine1": "1/21Strathlea Drive",
      "Suburb": "Cranbourne West",
      "State": "VIC",
      "Postcode": "3977"
    },
    {
      "Division": "SUPERMARKETS",
      "Name": "Croydon",
      "AddressLine1": "224-238 Mount Dandenong Road",
      "Suburb": "Croydon",
      "State": "VIC",
      "Postcode": "3136"
    },
    {
      "Division": "SUPERMARKETS",
      "Name": "Curlewis",
      "AddressLine1": "90 Centenial Blvd",
      "Suburb": "Curlewis",
      "State": "VIC",
      "Postcode": "3222"
    },
    {
      "Division": "SUPERMARKETS",
      "Name": "Dandenong",
      "AddressLine1": "Dandenong Plaza, Cnr Mccrae & Foster Street",
      "Suburb": "Dandenong",
      "State": "VIC",
      "Postcode": "3175"
    },
    {
      "Division": "SUPERMARKETS",
      "Name": "Dandenong Junction",
      "AddressLine1": "1-3 Gladstone Road",
      "Suburb": "Dandenong",
      "State": "VIC",
      "Postcode": "3175"
    },
    {
      "Division": "SUPERMARKETS",
      "Name": "Dandenong South",
      "AddressLine1": "81-125 Princess Highway",
      "Suburb": "Dandenong South",
      "State": "VIC",
      "Postcode": "3175"
    },
    {
      "Division": "SUPERMARKETS",
      "Name": "Deer Park",
      "AddressLine1": "28-72 Neale Road",
      "Suburb": "Deer Park",
      "State": "VIC",
      "Postcode": "3023"
    },
    {
      "Division": "SUPERMARKETS",
      "Name": "Delacombe",
      "AddressLine1": "315 Glenelg Highway",
      "Suburb": "Delacombe",
      "State": "VIC",
      "Postcode": "3356"
    },
    {
      "Division": "SUPERMARKETS",
      "Name": "Dennington",
      "AddressLine1": "Cnr Raglan Pde and Russell Street",
      "Suburb": "Dennington",
      "State": "VIC",
      "Postcode": "3280"
    },
    {
      "Division": "SUPERMARKETS",
      "Name": "Dingley",
      "AddressLine1": "89 Centre Dandenong Road",
      "Suburb": "Dingley Village",
      "State": "VIC",
      "Postcode": "3172"
    },
    {
      "Division": "SUPERMARKETS",
      "Name": "Doncaster",
      "AddressLine1": "958 - 978 Doncaster Road",
      "Suburb": "Doncaster",
      "State": "VIC",
      "Postcode": "3108"
    },
    {
      "Division": "SUPERMARKETS",
      "Name": "Doncaster Shopping Town",
      "AddressLine1": "Westfield Doncaster Shopping Town, 619 Doncaster Road",
      "Suburb": "Doncaster",
      "State": "VIC",
      "Postcode": "3108"
    },
    {
      "Division": "SUPERMARKETS",
      "Name": "Drouin",
      "AddressLine1": "72-100 Young Street",
      "Suburb": "Drouin",
      "State": "VIC",
      "Postcode": "3818"
    },
    {
      "Division": "SUPERMARKETS",
      "Name": "Drysdale",
      "AddressLine1": "16 Wyndham Street",
      "Suburb": "Drysdale",
      "State": "VIC",
      "Postcode": "3222"
    },
    {
      "Division": "SUPERMARKETS",
      "Name": "East Keilor",
      "AddressLine1": "Milleara Mall, 235 Milleara Road",
      "Suburb": "East Keilor",
      "State": "VIC",
      "Postcode": "3033"
    },
    {
      "Division": "SUPERMARKETS",
      "Name": "Eastland (Victoria)",
      "AddressLine1": "171 Maroondah Highway",
      "Suburb": "Ringwood",
      "State": "VIC",
      "Postcode": "3134"
    },
    {
      "Division": "SUPERMARKETS",
      "Name": "Echuca",
      "AddressLine1": "Cnr Darling & Nish Street",
      "Suburb": "Echuca",
      "State": "VIC",
      "Postcode": "3564"
    },
    {
      "Division": "SUPERMARKETS",
      "Name": "Echuca West",
      "AddressLine1": "31 Murray Valley Hwy",
      "Suburb": "Echuca",
      "State": "VIC",
      "Postcode": "3564"
    },
    {
      "Division": "SUPERMARKETS",
      "Name": "Elizabeth Street (Metro)",
      "AddressLine1": "60 Elizabeth Street",
      "Suburb": "Melbourne",
      "State": "VIC",
      "Postcode": "3000"
    },
    {
      "Division": "SUPERMARKETS",
      "Name": "Eltham",
      "AddressLine1": "7 Arthur Street",
      "Suburb": "Eltham",
      "State": "VIC",
      "Postcode": "3095"
    },
    {
      "Division": "SUPERMARKETS",
      "Name": "Emerald",
      "AddressLine1": "383-385 Belgrave - Gembrook Road",
      "Suburb": "Emerald",
      "State": "VIC",
      "Postcode": "3782"
    },
    {
      "Division": "SUPERMARKETS",
      "Name": "Endeavour Hills",
      "AddressLine1": "Endeavour Hills Shopping Centre, Cnr Heatherton Road & Matthew Flinders Dr",
      "Suburb": "Endeavour Hills",
      "State": "VIC",
      "Postcode": "3802"
    },
    {
      "Division": "SUPERMARKETS",
      "Name": "Epping North",
      "AddressLine1": "Cnr Epping Road & Lyndarum Drive",
      "Suburb": "Epping North",
      "State": "VIC",
      "Postcode": "3076"
    },
    {
      "Division": "SUPERMARKETS",
      "Name": "Epsom",
      "AddressLine1": "16-40 Howard Street",
      "Suburb": "Bendigo",
      "State": "VIC",
      "Postcode": "3550"
    },
    {
      "Division": "SUPERMARKETS",
      "Name": "Featherbrook",
      "AddressLine1": "Sneydes Road and Boardwalk Blvd",
      "Suburb": "Featherbrook",
      "State": "VIC",
      "Postcode": "3030"
    },
    {
      "Division": "SUPERMARKETS",
      "Name": "Ferntree Gully",
      "AddressLine1": "1038-1042 Burwood Highway",
      "Suburb": "Ferntree Gully",
      "State": "VIC",
      "Postcode": "3156"
    },
    {
      "Division": "SUPERMARKETS",
      "Name": "Fishermans Bend",
      "AddressLine1": "477-481 Plummer Street",
      "Suburb": "Port Melbourne",
      "State": "VIC",
      "Postcode": "3207"
    },
    {
      "Division": "SUPERMARKETS",
      "Name": "Fitzroy",
      "AddressLine1": "243 Smith Street",
      "Suburb": "Fitzroy",
      "State": "VIC",
      "Postcode": "3065"
    },
    {
      "Division": "SUPERMARKETS",
      "Name": "Forest Hill",
      "AddressLine1": "270 Canterbury Road",
      "Suburb": "Forest Hill",
      "State": "VIC",
      "Postcode": "3131"
    },
    {
      "Division": "SUPERMARKETS",
      "Name": "Fountain Gate",
      "AddressLine1": "Fountain Gate Shopping Centre - 22-55 Overland Drive",
      "Suburb": "Narre Warren",
      "State": "VIC",
      "Postcode": "3805"
    },
    {
      "Division": "SUPERMARKETS",
      "Name": "Frankston",
      "AddressLine1": "Bayside Shopping Centre, 28 Beach Street",
      "Suburb": "Frankston",
      "State": "VIC",
      "Postcode": "3199"
    },
    {
      "Division": "SUPERMARKETS",
      "Name": "Gadsden (Metro)",
      "AddressLine1": "18 Dryburgh Street",
      "Suburb": "West Melbourne",
      "State": "VIC",
      "Postcode": "3003"
    },
    {
      "Division": "SUPERMARKETS",
      "Name": "Geelong West (Pakington Strand)",
      "AddressLine1": "Pakington Strand 95-113 Pakington St",
      "Suburb": "Geelong West",
      "State": "VIC",
      "Postcode": "3218"
    },
    {
      "Division": "SUPERMARKETS",
      "Name": "Gladstone Park",
      "AddressLine1": "8-34 Gladstone Park Drive",
      "Suburb": "Gladstone Park",
      "State": "VIC",
      "Postcode": "3043"
    },
    {
      "Division": "SUPERMARKETS",
      "Name": "Glen",
      "AddressLine1": "235 Springvale Rd",
      "Suburb": "Glen Waverly",
      "State": "VIC",
      "Postcode": "3150"
    },
    {
      "Division": "SUPERMARKETS",
      "Name": "Glen Huntly",
      "AddressLine1": "Cnr Glen Huntly Road And Manchester Grove",
      "Suburb": "Glen Huntly",
      "State": "VIC",
      "Postcode": "3163"
    },
    {
      "Division": "SUPERMARKETS",
      "Name": "Golden Square",
      "AddressLine1": "234-246 High Street",
      "Suburb": "Bendigo",
      "State": "VIC",
      "Postcode": "3555"
    },
    {
      "Division": "SUPERMARKETS",
      "Name": "Greensborough",
      "AddressLine1": "119 Grimshaw St",
      "Suburb": "Greensborough",
      "State": "VIC",
      "Postcode": "3088"
    },
    {
      "Division": "SUPERMARKETS",
      "Name": "Greenvale Lakes",
      "AddressLine1": "200-230 James Mirams Dr",
      "Suburb": "Roxburg Park",
      "State": "VIC",
      "Postcode": "3064"
    },
    {
      "Division": "SUPERMARKETS",
      "Name": "Hadfield Metro",
      "AddressLine1": "Corner West & 10 Geum Streets",
      "Suburb": "Hadfield",
      "State": "VIC",
      "Postcode": "3046"
    },
    {
      "Division": "SUPERMARKETS",
      "Name": "Hamilton",
      "AddressLine1": "Hamilton Central - Brown Street",
      "Suburb": "Hamilton",
      "State": "VIC",
      "Postcode": "3300"
    },
    {
      "Division": "SUPERMARKETS",
      "Name": "Hampton (Metro)",
      "AddressLine1": "355 Hampton St",
      "Suburb": "Hampton",
      "State": "VIC",
      "Postcode": "3188"
    },
    {
      "Division": "SUPERMARKETS",
      "Name": "Hampton Park",
      "AddressLine1": "Hampton Park Shopping Centre - 55 Hallam Road",
      "Suburb": "Hampton Park",
      "State": "VIC",
      "Postcode": "3976"
    },
    {
      "Division": "SUPERMARKETS",
      "Name": "Hastings",
      "AddressLine1": "11-23 Victoria Street",
      "Suburb": "Hastings",
      "State": "VIC",
      "Postcode": "3915"
    },
    {
      "Division": "SUPERMARKETS",
      "Name": "Hawksburn Metro",
      "AddressLine1": "569 Malvern Road",
      "Suburb": "Toorak",
      "State": "VIC",
      "Postcode": "3142"
    },
    {
      "Division": "SUPERMARKETS",
      "Name": "Hawthorn (Metro)",
      "AddressLine1": "674 Glenferrie Road",
      "Suburb": "Hawthorn",
      "State": "VIC",
      "Postcode": "3122"
    },
    {
      "Division": "SUPERMARKETS",
      "Name": "Hawthorn East",
      "AddressLine1": "742 Toorak Rd, Hawthorn East",
      "Suburb": "Hawthorn East",
      "State": "VIC",
      "Postcode": "3123"
    },
    {
      "Division": "SUPERMARKETS",
      "Name": "Heidelberg",
      "AddressLine1": "451 Lower Heidelberg Road",
      "Suburb": "Heidelberg",
      "State": "VIC",
      "Postcode": "3084"
    },
    {
      "Division": "SUPERMARKETS",
      "Name": "Highett",
      "AddressLine1": "284-286 Highett Rd",
      "Suburb": "Highett",
      "State": "VIC",
      "Postcode": "3190"
    },
    {
      "Division": "SUPERMARKETS",
      "Name": "Highpoint West",
      "AddressLine1": "200 Rosamond Road",
      "Suburb": "Maribyrnong",
      "State": "VIC",
      "Postcode": "3032"
    },
    {
      "Division": "SUPERMARKETS",
      "Name": "Highton",
      "AddressLine1": "Cnr Bellvue Avenue And Roslyn Road",
      "Suburb": "Highton",
      "State": "VIC",
      "Postcode": "3216"
    },
    {
      "Division": "SUPERMARKETS",
      "Name": "Hogans Corner",
      "AddressLine1": "Cnr Hogan And Derrimut Roads",
      "Suburb": "Hoppers Crossing",
      "State": "VIC",
      "Postcode": "3029"
    },
    {
      "Division": "SUPERMARKETS",
      "Name": "Hoppers Crossing",
      "AddressLine1": "Cnr Old Geelong And Morris Road",
      "Suburb": "Hoppers Crossing",
      "State": "VIC",
      "Postcode": "3029"
    },
    {
      "Division": "SUPERMARKETS",
      "Name": "Horsham",
      "AddressLine1": "108 Wilson Street",
      "Suburb": "Horsham",
      "State": "VIC",
      "Postcode": "3400"
    },
    {
      "Division": "SUPERMARKETS",
      "Name": "Ivanhoe",
      "AddressLine1": "72-84 Upper Heidelberg Road",
      "Suburb": "Ivanhoe",
      "State": "VIC",
      "Postcode": "3079"
    },
    {
      "Division": "SUPERMARKETS",
      "Name": "Kallo Town Centre",
      "AddressLine1": "34 Icarus Drive",
      "Suburb": "Kalkallo",
      "State": "VIC",
      "Postcode": "3064"
    },
    {
      "Division": "SUPERMARKETS",
      "Name": "Karingal Hub",
      "AddressLine1": "Karingal Hub, 330 Cranbourne Road & Karingal Drive P.O. End",
      "Suburb": "Karingal",
      "State": "VIC",
      "Postcode": "3199"
    },
    {
      "Division": "SUPERMARKETS",
      "Name": "Kennington Village",
      "AddressLine1": "150-180 Condon Street",
      "Suburb": "Kennington",
      "State": "VIC",
      "Postcode": "3550"
    },
    {
      "Division": "SUPERMARKETS",
      "Name": "Kerang",
      "AddressLine1": "12 Nolan Street",
      "Suburb": "Kerang",
      "State": "VIC",
      "Postcode": "3579"
    },
    {
      "Division": "SUPERMARKETS",
      "Name": "Kew",
      "AddressLine1": "17 Walpole Street",
      "Suburb": "Kew",
      "State": "VIC",
      "Postcode": "3101"
    },
    {
      "Division": "SUPERMARKETS",
      "Name": "Keysborough",
      "AddressLine1": "317 Cheltenham Road",
      "Suburb": "Keysborough",
      "State": "VIC",
      "Postcode": "3173"
    },
    {
      "Division": "SUPERMARKETS",
      "Name": "Keysborough South",
      "AddressLine1": "211-215 Chapel Road",
      "Suburb": "Keysborough South",
      "State": "VIC",
      "Postcode": "3173"
    },
    {
      "Division": "SUPERMARKETS",
      "Name": "Kilmore",
      "AddressLine1": "Shop 1, 109 Northern Hwy",
      "Suburb": "Kilmore",
      "State": "VIC",
      "Postcode": "3764"
    },
    {
      "Division": "SUPERMARKETS",
      "Name": "Kilsyth",
      "AddressLine1": "Cnr Mt Dandenong Road And Russo Place",
      "Suburb": "Kilsyth",
      "State": "VIC",
      "Postcode": "3137"
    },
    {
      "Division": "SUPERMARKETS",
      "Name": "Kingston Village",
      "AddressLine1": "122-160 Grubb Rd",
      "Suburb": "Ocean Grove",
      "State": "VIC",
      "Postcode": "3226"
    },
    {
      "Division": "SUPERMARKETS",
      "Name": "Knox",
      "AddressLine1": "Knox Shopping Centre, Cnr Stud Road & Burwood Hwy,",
      "Suburb": "Wantirna",
      "State": "VIC",
      "Postcode": "3152"
    },
    {
      "Division": "SUPERMARKETS",
      "Name": "Koo Wee Rup",
      "AddressLine1": "25 -65 Station Street North",
      "Suburb": "Koo Wee Rup",
      "State": "VIC",
      "Postcode": "3981"
    },
    {
      "Division": "SUPERMARKETS",
      "Name": "Kyabram",
      "AddressLine1": "Union Street",
      "Suburb": "Kyabram",
      "State": "VIC",
      "Postcode": "3620"
    },
    {
      "Division": "SUPERMARKETS",
      "Name": "Kyneton",
      "AddressLine1": "7-11 Jennings Street",
      "Suburb": "Kyneton",
      "State": "VIC",
      "Postcode": "3444"
    },
    {
      "Division": "SUPERMARKETS",
      "Name": "Lakes Entrance",
      "AddressLine1": "371 The Esplanade",
      "Suburb": "Lakes Entrance",
      "State": "VIC",
      "Postcode": "3909"
    },
    {
      "Division": "SUPERMARKETS",
      "Name": "Lakeside",
      "AddressLine1": "Village Way",
      "Suburb": "Pakenham",
      "State": "VIC",
      "Postcode": "3810"
    },
    {
      "Division": "SUPERMARKETS",
      "Name": "Lalor",
      "AddressLine1": "Cnr High And Hurtle Streets",
      "Suburb": "Lalor",
      "State": "VIC",
      "Postcode": "3075"
    },
    {
      "Division": "SUPERMARKETS",
      "Name": "Langwarrin",
      "AddressLine1": "385 Cranbourne - Frankston Road",
      "Suburb": "Langwarrin",
      "State": "VIC",
      "Postcode": "3910"
    },
    {
      "Division": "SUPERMARKETS",
      "Name": "Lansell Plaza",
      "AddressLine1": "Lansell Plaza, 267-283 High St",
      "Suburb": "Kangaroo Flat",
      "State": "VIC",
      "Postcode": "3555"
    },
    {
      "Division": "SUPERMARKETS",
      "Name": "Lara",
      "AddressLine1": "50 The Centre Way",
      "Suburb": "Lara",
      "State": "VIC",
      "Postcode": "3212"
    },
    {
      "Division": "SUPERMARKETS",
      "Name": "Laurimar",
      "AddressLine1": "95 Hazel Glen Drive",
      "Suburb": "Doreen",
      "State": "VIC",
      "Postcode": "3754"
    },
    {
      "Division": "SUPERMARKETS",
      "Name": "Leongatha",
      "AddressLine1": "1-7 Peart Street",
      "Suburb": "Leongatha",
      "State": "VIC",
      "Postcode": "3953"
    },
    {
      "Division": "SUPERMARKETS",
      "Name": "Lilydale",
      "AddressLine1": "33 Hutchinson Street",
      "Suburb": "Lilydale",
      "State": "VIC",
      "Postcode": "3140"
    },
    {
      "Division": "SUPERMARKETS",
      "Name": "Lucas",
      "AddressLine1": "Dyson and Remembrance Drive",
      "Suburb": "Alfredton",
      "State": "VIC",
      "Postcode": "3350"
    },
    {
      "Division": "SUPERMARKETS",
      "Name": "Maffra",
      "AddressLine1": "Corner Johnson Street And Purdy Lane",
      "Suburb": "Maffra",
      "State": "VIC",
      "Postcode": "3860"
    },
    {
      "Division": "SUPERMARKETS",
      "Name": "Malvern",
      "AddressLine1": "112-114 Wattletree Road",
      "Suburb": "Malvern",
      "State": "VIC",
      "Postcode": "3144"
    },
    {
      "Division": "SUPERMARKETS",
      "Name": "Marriott Waters",
      "AddressLine1": "Cnr Marriott Blvd & Thompsons Rd",
      "Suburb": "Lyndhurst",
      "State": "VIC",
      "Postcode": "3975"
    },
    {
      "Division": "SUPERMARKETS",
      "Name": "Melbourne Square (Southbank)",
      "AddressLine1": "Shop 1 10 Hoff Boulevard",
      "Suburb": "Southbank",
      "State": "VIC",
      "Postcode": "3006"
    },
    {
      "Division": "SUPERMARKETS",
      "Name": "Melton",
      "AddressLine1": "Coburns Central Shopping Centre, 523-531 High Street",
      "Suburb": "Melton",
      "State": "VIC",
      "Postcode": "3337"
    },
    {
      "Division": "SUPERMARKETS",
      "Name": "Mentone",
      "AddressLine1": "105-111 Balcombe Road",
      "Suburb": "Mentone",
      "State": "VIC",
      "Postcode": "3194"
    },
    {
      "Division": "SUPERMARKETS",
      "Name": "Mernda Town Centre",
      "AddressLine1": "590 Bridge Inn Road",
      "Suburb": "Mernda",
      "State": "VIC",
      "Postcode": "3754"
    },
    {
      "Division": "SUPERMARKETS",
      "Name": "Mernda Village",
      "AddressLine1": "Cnr Mernda & Galloway Drive",
      "Suburb": "Mernda Village",
      "State": "VIC",
      "Postcode": "3754"
    },
    {
      "Division": "SUPERMARKETS",
      "Name": "Middle Brighton",
      "AddressLine1": "104 Church Street",
      "Suburb": "Middle Brighton",
      "State": "VIC",
      "Postcode": "3186"
    },
    {
      "Division": "SUPERMARKETS",
      "Name": "Middle Camberwell ",
      "AddressLine1": "752 Riversdale Rd",
      "Suburb": "Camberwell",
      "State": "VIC",
      "Postcode": "3124"
    },
    {
      "Division": "SUPERMARKETS",
      "Name": "Mildura",
      "AddressLine1": "95-103 Langtree Avenue",
      "Suburb": "Mildura Langtree",
      "State": "VIC",
      "Postcode": "3500"
    },
    {
      "Division": "SUPERMARKETS",
      "Name": "Mill Park",
      "AddressLine1": "Cnr Childs Road And Redleap Avenue",
      "Suburb": "Mill Park",
      "State": "VIC",
      "Postcode": "3082"
    },
    {
      "Division": "SUPERMARKETS",
      "Name": "Millers Jct (Altona Nth)",
      "AddressLine1": "300-330 Millers Rd Altona North",
      "Suburb": "Altona North",
      "State": "VIC",
      "Postcode": "3025"
    },
    {
      "Division": "SUPERMARKETS",
      "Name": "Moe",
      "AddressLine1": "Cnr George And Anzac Street",
      "Suburb": "Moe",
      "State": "VIC",
      "Postcode": "3825"
    },
    {
      "Division": "SUPERMARKETS",
      "Name": "Monbulk",
      "AddressLine1": "Cnr Main Road And Moores Road",
      "Suburb": "Monbulk",
      "State": "VIC",
      "Postcode": "3793"
    },
    {
      "Division": "SUPERMARKETS",
      "Name": "Moonee Ponds",
      "AddressLine1": "13 Pratt Street",
      "Suburb": "Moonee Ponds",
      "State": "VIC",
      "Postcode": "3039"
    },
    {
      "Division": "SUPERMARKETS",
      "Name": "Moorabbin",
      "AddressLine1": "2 Taylor Street",
      "Suburb": "Moorabbin",
      "State": "VIC",
      "Postcode": "3189"
    },
    {
      "Division": "SUPERMARKETS",
      "Name": "Mooroopna",
      "AddressLine1": "91-101 Mclennan Street",
      "Suburb": "Mooroopna",
      "State": "VIC",
      "Postcode": "3629"
    },
    {
      "Division": "SUPERMARKETS",
      "Name": "Mordialloc",
      "AddressLine1": "600 Main St",
      "Suburb": "Mordialloc",
      "State": "VIC",
      "Postcode": "3195"
    },
    {
      "Division": "SUPERMARKETS",
      "Name": "Mornington Central",
      "AddressLine1": "78 Barkly St",
      "Suburb": "Mornington",
      "State": "VIC",
      "Postcode": "3931"
    },
    {
      "Division": "SUPERMARKETS",
      "Name": "Mornington East",
      "AddressLine1": "Cnr Bentons And Dunns Roads",
      "Suburb": "Mornington East",
      "State": "VIC",
      "Postcode": "3931"
    },
    {
      "Division": "SUPERMARKETS",
      "Name": "Morwell",
      "AddressLine1": "Mid Valley Shopping Centre Princes Highway",
      "Suburb": "Morwell",
      "State": "VIC",
      "Postcode": "3840"
    },
    {
      "Division": "SUPERMARKETS",
      "Name": "Mount Eliza",
      "AddressLine1": "85 Mt Eliza Way",
      "Suburb": "Mount Eliza",
      "State": "VIC",
      "Postcode": "3930"
    },
    {
      "Division": "SUPERMARKETS",
      "Name": "Mount Waverley",
      "AddressLine1": "64 Virginia Street",
      "Suburb": "Mount Waverley",
      "State": "VIC",
      "Postcode": "3149"
    },
    {
      "Division": "SUPERMARKETS",
      "Name": "Mountain Gate",
      "AddressLine1": "Cnr Burwood Highway And Ferntree Gully Road",
      "Suburb": "Ferntree Gully",
      "State": "VIC",
      "Postcode": "3156"
    },
    {
      "Division": "SUPERMARKETS",
      "Name": "Newcomb",
      "AddressLine1": "75 Bellarine Highway",
      "Suburb": "Newcomb",
      "State": "VIC",
      "Postcode": "3219"
    },
    {
      "Division": "SUPERMARKETS",
      "Name": "Newmarket Plaza",
      "AddressLine1": "Newmarket Shopping Plaza, 338 Racecourse Road",
      "Suburb": "Kensington",
      "State": "VIC",
      "Postcode": "3031"
    },
    {
      "Division": "SUPERMARKETS",
      "Name": "Newtown",
      "AddressLine1": "Cnr Aberdeen St And Shannon Avenue",
      "Suburb": "Geelong",
      "State": "VIC",
      "Postcode": "3220"
    },
    {
      "Division": "SUPERMARKETS",
      "Name": "Niddrie",
      "AddressLine1": "Niddrie Central Shopping Centre, Cnr Hoffmans & Keilor Road",
      "Suburb": "Niddrie",
      "State": "VIC",
      "Postcode": "3042"
    },
    {
      "Division": "SUPERMARKETS",
      "Name": "North Melbourne",
      "AddressLine1": "Vaughan Terrace & Canning St",
      "Suburb": "North Melbourne",
      "State": "VIC",
      "Postcode": "3051"
    },
    {
      "Division": "SUPERMARKETS",
      "Name": "Northland (East Preston)",
      "AddressLine1": "Northland Shopping Centre, 50 Murray Road",
      "Suburb": "East Preston",
      "State": "VIC",
      "Postcode": "3072"
    },
    {
      "Division": "SUPERMARKETS",
      "Name": "Oakleigh",
      "AddressLine1": "Oakleigh Central Shopping Centre, Station Square, Station Street",
      "Suburb": "Oakleigh",
      "State": "VIC",
      "Postcode": "3166"
    },
    {
      "Division": "SUPERMARKETS",
      "Name": "Oakleigh South",
      "AddressLine1": "Cnr Warrigal and Centre Roads",
      "Suburb": "Oakleigh South",
      "State": "VIC",
      "Postcode": "3167"
    },
    {
      "Division": "SUPERMARKETS",
      "Name": "Ocean Grove",
      "AddressLine1": "Cnr Shell road and Kingston Downs Drive",
      "Suburb": "Ocean Grove",
      "State": "VIC",
      "Postcode": "3226"
    },
    {
      "Division": "SUPERMARKETS",
      "Name": "Officer (Arena)",
      "AddressLine1": "Cnr Princes Hwy & Cardinia Rd",
      "Suburb": "Officer",
      "State": "VIC",
      "Postcode": "3809"
    },
    {
      "Division": "SUPERMARKETS",
      "Name": "Opalia (Melton South)",
      "AddressLine1": "179-253 Exford Road",
      "Suburb": "Melton South",
      "State": "VIC",
      "Postcode": "3338"
    },
    {
      "Division": "SUPERMARKETS",
      "Name": "Pacific Epping",
      "AddressLine1": "571-583 High St",
      "Suburb": "Epping",
      "State": "VIC",
      "Postcode": "3076"
    },
    {
      "Division": "SUPERMARKETS",
      "Name": "Pakenham Market Place",
      "AddressLine1": "55 Henry Street, Pakenham Market Place",
      "Suburb": "Pakenham",
      "State": "VIC",
      "Postcode": "3810"
    },
    {
      "Division": "SUPERMARKETS",
      "Name": "Park Street Metro",
      "AddressLine1": "380 st kilda road, Melbourne vic 3000",
      "Suburb": "Melbourne",
      "State": "VIC",
      "Postcode": "3000"
    },
    {
      "Division": "SUPERMARKETS",
      "Name": "Patterson Lakes",
      "AddressLine1": "Lakeview Shopping Centre, 92-114 Gladesville Boulevard",
      "Suburb": "Patterson Lakes",
      "State": "VIC",
      "Postcode": "3197"
    },
    {
      "Division": "SUPERMARKETS",
      "Name": "Plenty Valley",
      "AddressLine1": "415 Mcdonalds Road",
      "Suburb": "South Morang",
      "State": "VIC",
      "Postcode": "3752"
    },
    {
      "Division": "SUPERMARKETS",
      "Name": "Point Cook",
      "AddressLine1": "1 Main Street",
      "Suburb": "Point Cook",
      "State": "VIC",
      "Postcode": "3030"
    },
    {
      "Division": "SUPERMARKETS",
      "Name": "Polaris (Bundoora)",
      "AddressLine1": "Cnr Plenty Road and Main Drive",
      "Suburb": "Bundoora",
      "State": "VIC",
      "Postcode": "3083"
    },
    {
      "Division": "SUPERMARKETS",
      "Name": "Portarlington",
      "AddressLine1": "Brown Street",
      "Suburb": "Portarlington",
      "State": "VIC",
      "Postcode": "3223"
    },
    {
      "Division": "SUPERMARKETS",
      "Name": "Portland",
      "AddressLine1": "95-97B Percy Street",
      "Suburb": "Portland",
      "State": "VIC",
      "Postcode": "3305"
    },
    {
      "Division": "SUPERMARKETS",
      "Name": "Prahran (Metro)",
      "AddressLine1": "Cnr Wattle & Cato St ",
      "Suburb": "Prahran",
      "State": "VIC",
      "Postcode": "3181"
    },
    {
      "Division": "SUPERMARKETS",
      "Name": "Preston",
      "AddressLine1": "334 Murray Road",
      "Suburb": "Preston",
      "State": "VIC",
      "Postcode": "3072"
    },
    {
      "Division": "SUPERMARKETS",
      "Name": "Preston South",
      "AddressLine1": "50 Plenty Road",
      "Suburb": "Preston South",
      "State": "VIC",
      "Postcode": "3072"
    },
    {
      "Division": "SUPERMARKETS",
      "Name": "QV",
      "AddressLine1": "Cnr Lonsdale & Swanston Street",
      "Suburb": "Melbourne",
      "State": "VIC",
      "Postcode": "3000"
    },
    {
      "Division": "SUPERMARKETS",
      "Name": "Queens Place (Metro)",
      "AddressLine1": "374 Queen St, Melbourne, VIC, 3000",
      "Suburb": "Melbourne",
      "State": "VIC",
      "Postcode": "3000"
    },
    {
      "Division": "SUPERMARKETS",
      "Name": "Ramlegh Springs",
      "AddressLine1": "Corner Ranleigh Blvd and Tuckers Rd",
      "Suburb": "Clyde North",
      "State": "VIC",
      "Postcode": "3978"
    },
    {
      "Division": "SUPERMARKETS",
      "Name": "Rosebud Central",
      "AddressLine1": "991 Nepean Highway",
      "Suburb": "Rosebud",
      "State": "VIC",
      "Postcode": "3939"
    },
    {
      "Division": "SUPERMARKETS",
      "Name": "Rosebud Plaza",
      "AddressLine1": "Rosebud Plaza Cnr. Boneo Road &, McCombe St,",
      "Suburb": "Rosebud",
      "State": "VIC",
      "Postcode": "3939"
    },
    {
      "Division": "SUPERMARKETS",
      "Name": "Rosenthal (Sunbury Sth)",
      "AddressLine1": "90 Vineyard Drive",
      "Suburb": "Sunbury",
      "State": "VIC",
      "Postcode": "3429"
    },
    {
      "Division": "SUPERMARKETS",
      "Name": "Rye",
      "AddressLine1": "4 Hygeia St",
      "Suburb": "Rye",
      "State": "VIC",
      "Postcode": "3941"
    },
    {
      "Division": "SUPERMARKETS",
      "Name": "Sale",
      "AddressLine1": "37-39 Cunningham Street",
      "Suburb": "Sale",
      "State": "VIC",
      "Postcode": "3850"
    },
    {
      "Division": "SUPERMARKETS",
      "Name": "Scoresby",
      "AddressLine1": "1385 Ferntree Gully Road",
      "Suburb": "Scoresby",
      "State": "VIC",
      "Postcode": "3179"
    },
    {
      "Division": "SUPERMARKETS",
      "Name": "Seaford (VIC)",
      "AddressLine1": "Cnr Nepean Highway And Seaford Road",
      "Suburb": "Seaford",
      "State": "VIC",
      "Postcode": "3198"
    },
    {
      "Division": "SUPERMARKETS",
      "Name": "Sebastopol",
      "AddressLine1": "Cnr Albert & Hertford Street",
      "Suburb": "Ballarat",
      "State": "VIC",
      "Postcode": "3356"
    },
    {
      "Division": "SUPERMARKETS",
      "Name": "Selandra Rise",
      "AddressLine1": "Cnr Linsell Blvd & Selandra Blvd",
      "Suburb": "Clyde North",
      "State": "VIC",
      "Postcode": "3978"
    },
    {
      "Division": "SUPERMARKETS",
      "Name": "Seville",
      "AddressLine1": "568 Warburton Highway",
      "Suburb": "Seville",
      "State": "VIC",
      "Postcode": "3139"
    },
    {
      "Division": "SUPERMARKETS",
      "Name": "Seymour",
      "AddressLine1": "Cnr William & Wallis Street",
      "Suburb": "Seymour",
      "State": "VIC",
      "Postcode": "3660"
    },
    {
      "Division": "SUPERMARKETS",
      "Name": "Shepparton",
      "AddressLine1": "Cnr High & Archer Street",
      "Suburb": "Shepparton",
      "State": "VIC",
      "Postcode": "3630"
    },
    {
      "Division": "SUPERMARKETS",
      "Name": "Shepparton East",
      "AddressLine1": "Benalla Road",
      "Suburb": "Shepparton East",
      "State": "VIC",
      "Postcode": "3630"
    },
    {
      "Division": "SUPERMARKETS",
      "Name": "Smith St (Metro)",
      "AddressLine1": "377 Smith Street, Fitzroy, VIC, 3065",
      "Suburb": "Fitzroy",
      "State": "VIC",
      "Postcode": "3065"
    },
    {
      "Division": "SUPERMARKETS",
      "Name": "Somerville",
      "AddressLine1": "17 Eramosa Road West",
      "Suburb": "Somerville",
      "State": "VIC",
      "Postcode": "3912"
    },
    {
      "Division": "SUPERMARKETS",
      "Name": "South Melbourne",
      "AddressLine1": "113 Cecil Street",
      "Suburb": "South Melbourne",
      "State": "VIC",
      "Postcode": "3205"
    },
    {
      "Division": "SUPERMARKETS",
      "Name": "South Morang",
      "AddressLine1": "Shop 8, 538 Plenty Road",
      "Suburb": "Mill Park",
      "State": "VIC",
      "Postcode": "3082"
    },
    {
      "Division": "SUPERMARKETS",
      "Name": "South Morang Central",
      "AddressLine1": "330-342 Mcdonalds Road",
      "Suburb": "South Morang",
      "State": "VIC",
      "Postcode": "3752"
    },
    {
      "Division": "SUPERMARKETS",
      "Name": "South Yarra",
      "AddressLine1": "670 Chapel Street",
      "Suburb": "South Yarra",
      "State": "VIC",
      "Postcode": "3141"
    },
    {
      "Division": "SUPERMARKETS",
      "Name": "Southbank (Metro)",
      "AddressLine1": "Ground Floor 245-263 City Road",
      "Suburb": "Southbank",
      "State": "VIC",
      "Postcode": "3006"
    },
    {
      "Division": "SUPERMARKETS",
      "Name": "Southern Cross (Metro)",
      "AddressLine1": "Cnr Collins and Spencer Streets",
      "Suburb": "Docklands",
      "State": "VIC",
      "Postcode": "3008"
    },
    {
      "Division": "SUPERMARKETS",
      "Name": "Southland (Cheltenham)",
      "AddressLine1": "1239 Nepean Highway",
      "Suburb": "Cheltenham",
      "State": "VIC",
      "Postcode": "3192"
    },
    {
      "Division": "SUPERMARKETS",
      "Name": "Spotswood",
      "AddressLine1": "31-69 McLister Street ",
      "Suburb": "Spotswood",
      "State": "VIC",
      "Postcode": "3015"
    },
    {
      "Division": "SUPERMARKETS",
      "Name": "Springvale",
      "AddressLine1": "302 Springvale Road",
      "Suburb": "Springvale",
      "State": "VIC",
      "Postcode": "3171"
    },
    {
      "Division": "SUPERMARKETS",
      "Name": "St Albans",
      "AddressLine1": "315-321 Main Road East",
      "Suburb": "St Albans",
      "State": "VIC",
      "Postcode": "3021"
    },
    {
      "Division": "SUPERMARKETS",
      "Name": "St Helena",
      "AddressLine1": "214 Aquaduct Roads",
      "Suburb": "St Helena",
      "State": "VIC",
      "Postcode": "3088"
    },
    {
      "Division": "SUPERMARKETS",
      "Name": "St Kilda",
      "AddressLine1": "117 Acland Street",
      "Suburb": "St Kilda",
      "State": "VIC",
      "Postcode": "3182"
    },
    {
      "Division": "SUPERMARKETS",
      "Name": "St Kilda West Metro",
      "AddressLine1": "64 Fitzroy Street",
      "Suburb": "St Kilda",
      "State": "VIC",
      "Postcode": "3182"
    },
    {
      "Division": "SUPERMARKETS",
      "Name": "Stawell",
      "AddressLine1": "26-32 Scallan Street",
      "Suburb": "Stawell",
      "State": "VIC",
      "Postcode": "3380"
    },
    {
      "Division": "SUPERMARKETS",
      "Name": "Stockland Wendouree",
      "AddressLine1": "330 Gillies Street North",
      "Suburb": "Wendouree",
      "State": "VIC",
      "Postcode": "3355"
    },
    {
      "Division": "SUPERMARKETS",
      "Name": "Stud Park",
      "AddressLine1": "Stud Park Shopping Centre , Stud Road",
      "Suburb": "Rowville",
      "State": "VIC",
      "Postcode": "3178"
    },
    {
      "Division": "SUPERMARKETS",
      "Name": "Sunbury",
      "AddressLine1": "25-47 Horne Street",
      "Suburb": "Sunbury",
      "State": "VIC",
      "Postcode": "3429"
    },
    {
      "Division": "SUPERMARKETS",
      "Name": "Sunshine Market Place",
      "AddressLine1": "Sunshine Market Place, 80 Harvester Road",
      "Suburb": "Sunshine",
      "State": "VIC",
      "Postcode": "3020"
    },
    {
      "Division": "SUPERMARKETS",
      "Name": "Swan Hill",
      "AddressLine1": "Beveridge Street",
      "Suburb": "Swan Hill",
      "State": "VIC",
      "Postcode": "3585"
    },
    {
      "Division": "SUPERMARKETS",
      "Name": "Tarneit Gardens",
      "AddressLine1": "747 Tarneit Road",
      "Suburb": "Tarneit",
      "State": "VIC",
      "Postcode": "3029"
    },
    {
      "Division": "SUPERMARKETS",
      "Name": "Taylor Lakes",
      "AddressLine1": "Cnr Melton-Keilor Road And Sunshine Avenue",
      "Suburb": "Taylors Lakes",
      "State": "VIC",
      "Postcode": "3038"
    },
    {
      "Division": "SUPERMARKETS",
      "Name": "Templestowe",
      "AddressLine1": "19/325 Manningham Rd",
      "Suburb": "Templestowe",
      "State": "VIC",
      "Postcode": "3106"
    },
    {
      "Division": "SUPERMARKETS",
      "Name": "The Avenue",
      "AddressLine1": "William Thwaittes Blvd",
      "Suburb": "Cranbourne North",
      "State": "VIC",
      "Postcode": "3977"
    },
    {
      "Division": "SUPERMARKETS",
      "Name": "The District",
      "AddressLine1": "Waterfront Way, Waterfront City",
      "Suburb": "Docklands",
      "State": "VIC",
      "Postcode": "3008"
    },
    {
      "Division": "SUPERMARKETS",
      "Name": "The Pines",
      "AddressLine1": "The Pines Shopping Centre, Cnr Reynolds And Blackburn Road",
      "Suburb": "Doncaster East",
      "State": "VIC",
      "Postcode": "3109"
    },
    {
      "Division": "SUPERMARKETS",
      "Name": "Thrift Park",
      "AddressLine1": "Shop 1/171 Nepean Highway",
      "Suburb": "Mentone",
      "State": "VIC",
      "Postcode": "3194"
    },
    {
      "Division": "SUPERMARKETS",
      "Name": "Toorak",
      "AddressLine1": "459-465 Toorak Road",
      "Suburb": "Toorak",
      "State": "VIC",
      "Postcode": "3142"
    },
    {
      "Division": "SUPERMARKETS",
      "Name": "Torquay",
      "AddressLine1": "Cnr Bristol Road & Walker Street",
      "Suburb": "Torquay",
      "State": "VIC",
      "Postcode": "3228"
    },
    {
      "Division": "SUPERMARKETS",
      "Name": "Torquay North",
      "AddressLine1": "222 Fischer Street",
      "Suburb": "Torquay North",
      "State": "VIC",
      "Postcode": "3228"
    },
    {
      "Division": "SUPERMARKETS",
      "Name": "Traralgon",
      "AddressLine1": "Seymour Street",
      "Suburb": "Traralgon",
      "State": "VIC",
      "Postcode": "3844"
    },
    {
      "Division": "SUPERMARKETS",
      "Name": "Union Rd (Metro)",
      "AddressLine1": "199 Union Road Ascot Vale",
      "Suburb": "Ascot Vale",
      "State": "VIC",
      "Postcode": "3032"
    },
    {
      "Division": "SUPERMARKETS",
      "Name": "Vermont",
      "AddressLine1": "Cnr Stevens And Canterbury Roads",
      "Suburb": "Vermont",
      "State": "VIC",
      "Postcode": "3133"
    },
    {
      "Division": "SUPERMARKETS",
      "Name": "Victoria Harbour",
      "AddressLine1": "63-93 Merchant Street",
      "Suburb": "Docklands",
      "State": "VIC",
      "Postcode": "3008"
    },
    {
      "Division": "SUPERMARKETS",
      "Name": "Wallan",
      "AddressLine1": "81-99 High Street",
      "Suburb": "Wallan",
      "State": "VIC",
      "Postcode": "3756"
    },
    {
      "Division": "SUPERMARKETS",
      "Name": "Wangaratta",
      "AddressLine1": "45-49 Ovens Street",
      "Suburb": "Wangaratta",
      "State": "VIC",
      "Postcode": "3677"
    },
    {
      "Division": "SUPERMARKETS",
      "Name": "Warragul",
      "AddressLine1": "58-66 Victoria Street",
      "Suburb": "Warragul",
      "State": "VIC",
      "Postcode": "3820"
    },
    {
      "Division": "SUPERMARKETS",
      "Name": "Warralily",
      "AddressLine1": "770 Barwon Heads Rd",
      "Suburb": "Armstrong Creek",
      "State": "VIC",
      "Postcode": "3217"
    },
    {
      "Division": "SUPERMARKETS",
      "Name": "Warrnambool",
      "AddressLine1": "745-763 Raglan Parade",
      "Suburb": "Warrnambool",
      "State": "VIC",
      "Postcode": "3280"
    },
    {
      "Division": "SUPERMARKETS",
      "Name": "Warrnambool East",
      "AddressLine1": "Cnr Princes Hwy and Gateway Rd",
      "Suburb": "Warrnambool East",
      "State": "VIC",
      "Postcode": "3280"
    },
    {
      "Division": "SUPERMARKETS",
      "Name": "Watergardens",
      "AddressLine1": "399 Melton Highway",
      "Suburb": "Sydenham",
      "State": "VIC",
      "Postcode": "3037"
    },
    {
      "Division": "SUPERMARKETS",
      "Name": "Watervale",
      "AddressLine1": "Crn Taylors And Calder Park Drive",
      "Suburb": "Tayors Hill",
      "State": "VIC",
      "Postcode": "3037"
    },
    {
      "Division": "SUPERMARKETS",
      "Name": "Waurn Ponds (Geelong)",
      "AddressLine1": "173-199 Pioneer Road",
      "Suburb": "Waurn Ponds",
      "State": "VIC",
      "Postcode": "3216"
    },
    {
      "Division": "SUPERMARKETS",
      "Name": "Waverley Gardens (Mulgrave)",
      "AddressLine1": "271 Police Road",
      "Suburb": "Mulgrave",
      "State": "VIC",
      "Postcode": "3170"
    },
    {
      "Division": "SUPERMARKETS",
      "Name": "Wendouree",
      "AddressLine1": "1201-1205 Howitt Street",
      "Suburb": "Wendouree",
      "State": "VIC",
      "Postcode": "3355"
    },
    {
      "Division": "SUPERMARKETS",
      "Name": "Werribee Central",
      "AddressLine1": "Cnr Cherry & Watton Street",
      "Suburb": "Werribee",
      "State": "VIC",
      "Postcode": "3030"
    },
    {
      "Division": "SUPERMARKETS",
      "Name": "Werribee Plaza",
      "AddressLine1": "Cnr Heaths And Derrimutt Roads",
      "Suburb": "Werribee",
      "State": "VIC",
      "Postcode": "3030"
    },
    {
      "Division": "SUPERMARKETS",
      "Name": "Wheelers Hill",
      "AddressLine1": "Wheelers Hill Shopping Centre, 190-200 Jells Road",
      "Suburb": "Wheelers Hill",
      "State": "VIC",
      "Postcode": "3150"
    },
    {
      "Division": "SUPERMARKETS",
      "Name": "White Box Rise",
      "AddressLine1": "Cnr Victoria Cross Parade & Kelliher Avenue",
      "Suburb": "Wodonga",
      "State": "VIC",
      "Postcode": "3690"
    },
    {
      "Division": "SUPERMARKETS",
      "Name": "Williams Landing",
      "AddressLine1": "100 Overton Road",
      "Suburb": "Williams Landing",
      "State": "VIC",
      "Postcode": "3027"
    },
    {
      "Division": "SUPERMARKETS",
      "Name": "Williamstown (Metro)",
      "AddressLine1": "71 Kororoit Creek Rd",
      "Suburb": "Williamstown",
      "State": "VIC",
      "Postcode": "3016"
    },
    {
      "Division": "SUPERMARKETS",
      "Name": "Wodonga",
      "AddressLine1": "Cnr Elgin Blvd & Hume Street",
      "Suburb": "Wodonga",
      "State": "VIC",
      "Postcode": "3960"
    },
    {
      "Division": "SUPERMARKETS",
      "Name": "Wonthaggi",
      "AddressLine1": "Cnr Murray & Billson Street",
      "Suburb": "Wonthaggi",
      "State": "VIC",
      "Postcode": "3995"
    },
    {
      "Division": "SUPERMARKETS",
      "Name": "Woodgrove",
      "AddressLine1": "533-555 High Street",
      "Suburb": "Melton",
      "State": "VIC",
      "Postcode": "3337"
    },
    {
      "Division": "SUPERMARKETS",
      "Name": "Wyndham Vale",
      "AddressLine1": "205 Greens Road",
      "Suburb": "Wyndham Vale",
      "State": "VIC",
      "Postcode": "3024"
    },
    {
      "Division": "SUPERMARKETS",
      "Name": "YARRAVILLE Metro",
      "AddressLine1": "4-6 Anderson St",
      "Suburb": "Yarraville",
      "State": "VIC",
      "Postcode": "3013"
    },
    {
      "Division": "SUPERMARKETS",
      "Name": "Yarra Junction",
      "AddressLine1": "82-84 Warburton Highway",
      "Suburb": "Yarra Junction",
      "State": "VIC",
      "Postcode": "3797"
    },
    {
      "Division": "SUPERMARKETS",
      "Name": "Yarram",
      "AddressLine1": "17 James Street",
      "Suburb": "Yarram",
      "State": "VIC",
      "Postcode": "3971"
    },
    {
      "Division": "SUPERMARKETS",
      "Name": "Yarrawonga Central",
      "AddressLine1": "157-161 Belmore Street",
      "Suburb": "Yarrawonga",
      "State": "VIC",
      "Postcode": "3730"
    }
  ]
}