{
  "Stores": [
    {
      "Division": "SUPERMARKETS",
      "Name": "Tweed Heads",
      "AddressLine1": "Tweed Mall, Cnr Wharf And Bay Street",
      "Suburb": "Tweed Heads",
      "State": "NSW",
      "Postcode": "2485"
    },
    {
      "Division": "SUPERMARKETS",
      "Name": "Tweed City",
      "AddressLine1": "Shop 96, Tweed City Shop Ctr, 54 Minjungbal Drive",
      "Suburb": "Tweed Heads South",
      "State": "NSW",
      "Postcode": "2485"
    },
    {
      "Division": "SUPERMARKETS",
      "Name": "Banora Point",
      "AddressLine1": "3 Leisure Dr",
      "Suburb": "Banora Point",
      "State": "NSW",
      "Postcode": "2486"
    },
    {
      "Division": "SUPERMARKETS",
      "Name": "Kingscliff",
      "AddressLine1": "Kingscliff Shopping Village, 22-26 Pearl Street",
      "Suburb": "Kingscliff",
      "State": "NSW",
      "Postcode": "2487"
    },
    {
      "Division": "SUPERMARKETS",
      "Name": "Cabarita",
      "AddressLine1": "39-45 Tweed Coast Rd",
      "Suburb": "Bogangar",
      "State": "NSW",
      "Postcode": "2488"
    },
    {
      "Division": "SUPERMARKETS",
      "Name": "Mullumbimby",
      "AddressLine1": "Station Street",
      "Suburb": "Mullumbimby",
      "State": "NSW",
      "Postcode": "2482"
    },
    {
      "Division": "SUPERMARKETS",
      "Name": "Byron Bay",
      "AddressLine1": "106 Jonson Street",
      "Suburb": "Byron Bay",
      "State": "NSW",
      "Postcode": "2481"
    },
    {
      "Division": "SUPERMARKETS",
      "Name": "Lismore Central",
      "AddressLine1": "36-44 Carrington Streets",
      "Suburb": "Lismore",
      "State": "NSW",
      "Postcode": "2480"
    },
    {
      "Division": "SUPERMARKETS",
      "Name": "Lismore Square",
      "AddressLine1": "Cnr Brewster And Mckenzie Streets",
      "Suburb": "Lismore",
      "State": "NSW",
      "Postcode": "2480"
    },
    {
      "Division": "SUPERMARKETS",
      "Name": "Goonellabah",
      "AddressLine1": "2 Simeoni Drive",
      "Suburb": "Goonellabah",
      "State": "NSW",
      "Postcode": "2480"
    },
    {
      "Division": "SUPERMARKETS",
      "Name": "Casino",
      "AddressLine1": "Canterbury Street",
      "Suburb": "Casino",
      "State": "NSW",
      "Postcode": "2470"
    },
    {
      "Division": "SUPERMARKETS",
      "Name": "Lennox Head",
      "AddressLine1": "Hutley Dr",
      "Suburb": "Lennox Head",
      "State": "NSW",
      "Postcode": "2478"
    },
    {
      "Division": "SUPERMARKETS",
      "Name": "Ballina Fair",
      "AddressLine1": "Ballina Fair Shopping Centre, Cnr Fox And Kerr Roads",
      "Suburb": "Ballina",
      "State": "NSW",
      "Postcode": "2478"
    },
    {
      "Division": "SUPERMARKETS",
      "Name": "Ballina River Street",
      "AddressLine1": "82-96 River St",
      "Suburb": "Ballina",
      "State": "NSW",
      "Postcode": "2478"
    },
    {
      "Division": "SUPERMARKETS",
      "Name": "Grafton",
      "AddressLine1": "52-74 Fitzroy Street",
      "Suburb": "Grafton",
      "State": "NSW",
      "Postcode": "2460"
    },
    {
      "Division": "SUPERMARKETS",
      "Name": "Glen Innes",
      "AddressLine1": "Cnr Wentworth And Grey Streets",
      "Suburb": "Glen Innes",
      "State": "NSW",
      "Postcode": "2370"
    },
    {
      "Division": "SUPERMARKETS",
      "Name": "Woolgoolga",
      "AddressLine1": "Pullen and Solitary Island Way",
      "Suburb": "Woolgoolga",
      "State": "NSW",
      "Postcode": "2456"
    },
    {
      "Division": "SUPERMARKETS",
      "Name": "Park Beach Plaza (Coffs Harbour)",
      "AddressLine1": "253 Pacific Highway",
      "Suburb": "Coffs Harbour",
      "State": "NSW",
      "Postcode": "2450"
    },
    {
      "Division": "SUPERMARKETS",
      "Name": "Coffs Harbour",
      "AddressLine1": "7 Park Avenue",
      "Suburb": "Coffs Harbour",
      "State": "NSW",
      "Postcode": "2450"
    },
    {
      "Division": "SUPERMARKETS",
      "Name": "Inverell",
      "AddressLine1": "Cnr Vivian And Sweaney Streets",
      "Suburb": "Inverell",
      "State": "NSW",
      "Postcode": "2360"
    },
    {
      "Division": "SUPERMARKETS",
      "Name": "Toormina",
      "AddressLine1": "Toormina Gardens Shopping Centre, Toormina Road",
      "Suburb": "Toormina",
      "State": "NSW",
      "Postcode": "2452"
    },
    {
      "Division": "SUPERMARKETS",
      "Name": "Nambucca Heads",
      "AddressLine1": "Cnr Fraser And Back Streets",
      "Suburb": "Nambucca Heads",
      "State": "NSW",
      "Postcode": "2448"
    },
    {
      "Division": "SUPERMARKETS",
      "Name": "Macksville",
      "AddressLine1": "Cnr Boundary St and Giinagay Way",
      "Suburb": "Macksville",
      "State": "NSW",
      "Postcode": "2447"
    },
    {
      "Division": "SUPERMARKETS",
      "Name": "Armidale",
      "AddressLine1": "Cnr Jessie And Beardy Streets",
      "Suburb": "Armidale",
      "State": "NSW",
      "Postcode": "2350"
    },
    {
      "Division": "SUPERMARKETS",
      "Name": "Moree",
      "AddressLine1": "215 Balo Street",
      "Suburb": "Moree",
      "State": "NSW",
      "Postcode": "2400"
    },
    {
      "Division": "SUPERMARKETS",
      "Name": "Kempsey",
      "AddressLine1": "Cnr Forth And Smith Streets",
      "Suburb": "Kempsey",
      "State": "NSW",
      "Postcode": "2440"
    },
    {
      "Division": "SUPERMARKETS",
      "Name": "Port Macquarie",
      "AddressLine1": "Cnr Bay And Park Streets",
      "Suburb": "Port Macquarie",
      "State": "NSW",
      "Postcode": "2444"
    },
    {
      "Division": "SUPERMARKETS",
      "Name": "Narrabri North",
      "AddressLine1": "181-189 Maitland Street",
      "Suburb": "Narrabri",
      "State": "NSW",
      "Postcode": "2390"
    },
    {
      "Division": "SUPERMARKETS",
      "Name": "Tamworth Eastpoint",
      "AddressLine1": "502 - 504 Peel Street",
      "Suburb": "Tamworth",
      "State": "NSW",
      "Postcode": "2340"
    },
    {
      "Division": "SUPERMARKETS",
      "Name": "Tamworth",
      "AddressLine1": "Cnr William And Denne Street",
      "Suburb": "Tamworth",
      "State": "NSW",
      "Postcode": "2340"
    },
    {
      "Division": "SUPERMARKETS",
      "Name": "Lake Cathie",
      "AddressLine1": "Lot 2 Ocean Drive",
      "Suburb": "Lake Cathie",
      "State": "NSW",
      "Postcode": "2445"
    },
    {
      "Division": "SUPERMARKETS",
      "Name": "Lakewood",
      "AddressLine1": "10 Botanic Drive",
      "Suburb": "Lakewood",
      "State": "NSW",
      "Postcode": "2443"
    },
    {
      "Division": "SUPERMARKETS",
      "Name": "Gunnedah",
      "AddressLine1": "119 - 129 Conadilly Street",
      "Suburb": "Gunnedah",
      "State": "NSW",
      "Postcode": "2380"
    },
    {
      "Division": "SUPERMARKETS",
      "Name": "Taree",
      "AddressLine1": "60 Manning Street",
      "Suburb": "Taree",
      "State": "NSW",
      "Postcode": "2430"
    },
    {
      "Division": "SUPERMARKETS",
      "Name": "Gloucester",
      "AddressLine1": "111 Church Street",
      "Suburb": "Gloucester",
      "State": "NSW",
      "Postcode": "2422"
    },
    {
      "Division": "SUPERMARKETS",
      "Name": "Tuncurry",
      "AddressLine1": "Cnr Peel and Kent St",
      "Suburb": "Tuncurry",
      "State": "NSW",
      "Postcode": "2428"
    },
    {
      "Division": "SUPERMARKETS",
      "Name": "Forster",
      "AddressLine1": "Cnr The Lakes Way And Breese Parade",
      "Suburb": "Forster",
      "State": "NSW",
      "Postcode": "2428"
    },
    {
      "Division": "SUPERMARKETS",
      "Name": "Scone",
      "AddressLine1": "35 Main Street",
      "Suburb": "Scone",
      "State": "NSW",
      "Postcode": "2337"
    },
    {
      "Division": "SUPERMARKETS",
      "Name": "Coonabarabran",
      "AddressLine1": "35 Dalgarno Street",
      "Suburb": "Coonabarabran",
      "State": "NSW",
      "Postcode": "2357"
    },
    {
      "Division": "SUPERMARKETS",
      "Name": "Muswellbrook",
      "AddressLine1": "Cnr Brook & Sowerby Street",
      "Suburb": "Muswellbrook",
      "State": "NSW",
      "Postcode": "2333"
    },
    {
      "Division": "SUPERMARKETS",
      "Name": "Nelson Bay",
      "AddressLine1": "Corner of Stockton St & Donald St",
      "Suburb": "Nelson Bay",
      "State": "NSW",
      "Postcode": "2315"
    },
    {
      "Division": "SUPERMARKETS",
      "Name": "Salamander Bay",
      "AddressLine1": "2 Town Centre Circuit",
      "Suburb": "Salamander Bay",
      "State": "NSW",
      "Postcode": "2317"
    },
    {
      "Division": "SUPERMARKETS",
      "Name": "Singleton",
      "AddressLine1": "1 Gowrie St",
      "Suburb": "Singleton",
      "State": "NSW",
      "Postcode": "2330"
    },
    {
      "Division": "SUPERMARKETS",
      "Name": "Medowie",
      "AddressLine1": "39-47 Ferodale Road",
      "Suburb": "Medowie",
      "State": "NSW",
      "Postcode": "2318"
    },
    {
      "Division": "SUPERMARKETS",
      "Name": "Aberglasslyn",
      "AddressLine1": "Aberglasslyn and McKeachie Drive",
      "Suburb": "Aberglasslyn",
      "State": "NSW",
      "Postcode": "2320"
    },
    {
      "Division": "SUPERMARKETS",
      "Name": "Rutherford",
      "AddressLine1": "Cnr Alexandra Ave And Hillview Street",
      "Suburb": "Rutherford",
      "State": "NSW",
      "Postcode": "2320"
    },
    {
      "Division": "SUPERMARKETS",
      "Name": "Raymond Terrace North (MarketPlace)",
      "AddressLine1": "Cnr Port Stephens And Bourke Streets Marketplace",
      "Suburb": "Raymond Terrace",
      "State": "NSW",
      "Postcode": "2324"
    },
    {
      "Division": "SUPERMARKETS",
      "Name": "Raymond Terrace Central",
      "AddressLine1": "39-41 Port Stephens Cnr Glenelg Street",
      "Suburb": "Raymond Terrace",
      "State": "NSW",
      "Postcode": "2324"
    },
    {
      "Division": "SUPERMARKETS",
      "Name": "Maitland",
      "AddressLine1": "Pender Place Shopping Centre, 44 Elgin Street",
      "Suburb": "Maitland",
      "State": "NSW",
      "Postcode": "2320"
    },
    {
      "Division": "SUPERMARKETS",
      "Name": "Green Hills",
      "AddressLine1": "Stockland Centre, 1 Molly Morgan Drive",
      "Suburb": "East Maitland",
      "State": "NSW",
      "Postcode": "2323"
    },
    {
      "Division": "SUPERMARKETS",
      "Name": "Beresfield",
      "AddressLine1": "Cnr Lawson & Newton Street",
      "Suburb": "Beresfield",
      "State": "NSW",
      "Postcode": "2322"
    },
    {
      "Division": "SUPERMARKETS",
      "Name": "Warabrook",
      "AddressLine1": "3 Angophora Drive",
      "Suburb": "Warabrook",
      "State": "NSW",
      "Postcode": "2304"
    },
    {
      "Division": "SUPERMARKETS",
      "Name": "Maryland",
      "AddressLine1": "144 Maryland Dr",
      "Suburb": "Maryland",
      "State": "NSW",
      "Postcode": "2287"
    },
    {
      "Division": "SUPERMARKETS",
      "Name": "Mayfield",
      "AddressLine1": "Cnr Maitland Road And Valencia Street",
      "Suburb": "Mayfield",
      "State": "NSW",
      "Postcode": "2304"
    },
    {
      "Division": "SUPERMARKETS",
      "Name": "Jesmond",
      "AddressLine1": "24-26 Blue Gum Road",
      "Suburb": "Jesmond",
      "State": "NSW",
      "Postcode": "2299"
    },
    {
      "Division": "SUPERMARKETS",
      "Name": "Cessnock",
      "AddressLine1": "Cessnock Plaza, Cnr Keene & Cooper Street",
      "Suburb": "Cessnock",
      "State": "NSW",
      "Postcode": "2325"
    },
    {
      "Division": "SUPERMARKETS",
      "Name": "East Newcastle (Metro)",
      "AddressLine1": "163-185 Hunter Street  (11 Lyrique Lane)",
      "Suburb": "Newcastle",
      "State": "NSW",
      "Postcode": "2300"
    },
    {
      "Division": "SUPERMARKETS",
      "Name": "Newcastle West",
      "AddressLine1": "23 Steel Street",
      "Suburb": "Newcastle West",
      "State": "NSW",
      "Postcode": "2302"
    },
    {
      "Division": "SUPERMARKETS",
      "Name": "Cameron Park",
      "AddressLine1": "Cameron Park Plaza, Corner Portland Drive & Northridge Drive",
      "Suburb": "Cameron Park",
      "State": "NSW",
      "Postcode": "2285"
    },
    {
      "Division": "SUPERMARKETS",
      "Name": "Kotara",
      "AddressLine1": "89 Park Avenue",
      "Suburb": "Kotara",
      "State": "NSW",
      "Postcode": "2289"
    },
    {
      "Division": "SUPERMARKETS",
      "Name": "Glendale",
      "AddressLine1": "387 Lake Road",
      "Suburb": "Glendale",
      "State": "NSW",
      "Postcode": "2285"
    },
    {
      "Division": "SUPERMARKETS",
      "Name": "Cardiff",
      "AddressLine1": "Cnr Macquarie And Main Roads",
      "Suburb": "Cardiff",
      "State": "NSW",
      "Postcode": "2285"
    },
    {
      "Division": "SUPERMARKETS",
      "Name": "Charlestown Square",
      "AddressLine1": "30 Pearson Street",
      "Suburb": "Charlestown",
      "State": "NSW",
      "Postcode": "2290"
    },
    {
      "Division": "SUPERMARKETS",
      "Name": "Mt Hutton",
      "AddressLine1": "46 Wilson Road",
      "Suburb": "Mt Hutton",
      "State": "NSW",
      "Postcode": "2290"
    },
    {
      "Division": "SUPERMARKETS",
      "Name": "Toronto",
      "AddressLine1": "Cnr Pemell St And Brighton Avenues",
      "Suburb": "Toronto",
      "State": "NSW",
      "Postcode": "2283"
    },
    {
      "Division": "SUPERMARKETS",
      "Name": "Belmont",
      "AddressLine1": "Cnr Macquarie & Singleton Street",
      "Suburb": "Belmont",
      "State": "NSW",
      "Postcode": "2280"
    },
    {
      "Division": "SUPERMARKETS",
      "Name": "Swansea",
      "AddressLine1": "18 Josephson Street",
      "Suburb": "Swansea",
      "State": "NSW",
      "Postcode": "2281"
    },
    {
      "Division": "SUPERMARKETS",
      "Name": "Morisset",
      "AddressLine1": "103-105 Dora, Doyalson and Yambo Street",
      "Suburb": "Morisset",
      "State": "NSW",
      "Postcode": "2264"
    },
    {
      "Division": "SUPERMARKETS",
      "Name": "Lake Munmorah",
      "AddressLine1": "1 Tall Timbers Road",
      "Suburb": "Lake Munmorah",
      "State": "NSW",
      "Postcode": "2259"
    },
    {
      "Division": "SUPERMARKETS",
      "Name": "Lake Haven",
      "AddressLine1": "Lake Haven Shopping, Centre Lake Haven Drive",
      "Suburb": "Lake Haven",
      "State": "NSW",
      "Postcode": "2263"
    },
    {
      "Division": "SUPERMARKETS",
      "Name": "Mudgee",
      "AddressLine1": "88 Mortimer Street",
      "Suburb": "Mudgee",
      "State": "NSW",
      "Postcode": "2850"
    },
    {
      "Division": "SUPERMARKETS",
      "Name": "Wadalba",
      "AddressLine1": "1  Figtree Boulevard",
      "Suburb": "Wadalba",
      "State": "NSW",
      "Postcode": "2259"
    },
    {
      "Division": "SUPERMARKETS",
      "Name": "Tuggerah",
      "AddressLine1": "50 Wyong Road",
      "Suburb": "Tuggerah",
      "State": "NSW",
      "Postcode": "2259"
    },
    {
      "Division": "SUPERMARKETS",
      "Name": "Bateau Bay",
      "AddressLine1": "Charter Hall Square , 12 Bay Village Rd",
      "Suburb": "Bateau Bay",
      "State": "NSW",
      "Postcode": "2261"
    },
    {
      "Division": "SUPERMARKETS",
      "Name": "Lisarow",
      "AddressLine1": "Parsons Road",
      "Suburb": "Lisarow",
      "State": "NSW",
      "Postcode": "2250"
    },
    {
      "Division": "SUPERMARKETS",
      "Name": "Dubbo",
      "AddressLine1": "Orana Mall Marketplace, Cnr Mitchell Highway And Wheelers Lane",
      "Suburb": "Dubbo",
      "State": "NSW",
      "Postcode": "2830"
    },
    {
      "Division": "SUPERMARKETS",
      "Name": "Riverdale",
      "AddressLine1": "49-65 Macquarie Street",
      "Suburb": "Dubbo",
      "State": "NSW",
      "Postcode": "2830"
    },
    {
      "Division": "SUPERMARKETS",
      "Name": "Gosford",
      "AddressLine1": "40-46 William Street",
      "Suburb": "Gosford",
      "State": "NSW",
      "Postcode": "2250"
    },
    {
      "Division": "SUPERMARKETS",
      "Name": "Erina",
      "AddressLine1": "620-658 Terrigal Drive",
      "Suburb": "Erina",
      "State": "NSW",
      "Postcode": "2250"
    },
    {
      "Division": "SUPERMARKETS",
      "Name": "Delroy Park",
      "AddressLine1": "Cnr Minore And Baird Drive, Delroy Park",
      "Suburb": "West Dubbo",
      "State": "NSW",
      "Postcode": "2830"
    },
    {
      "Division": "SUPERMARKETS",
      "Name": "Wellington",
      "AddressLine1": "81 Arthur Street",
      "Suburb": "Wellington",
      "State": "NSW",
      "Postcode": "2820"
    },
    {
      "Division": "SUPERMARKETS",
      "Name": "Woy Woy",
      "AddressLine1": "Peninsula Plaza, 63 Blackwall Road",
      "Suburb": "Woy Woy",
      "State": "NSW",
      "Postcode": "2256"
    },
    {
      "Division": "SUPERMARKETS",
      "Name": "Umina",
      "AddressLine1": "Corner Of West St And Trafalgar Ave Umina 2257",
      "Suburb": "Umina",
      "State": "NSW",
      "Postcode": "2257"
    },
    {
      "Division": "SUPERMARKETS",
      "Name": "Avalon Metro",
      "AddressLine1": "74 Old Barrenjoey Road",
      "Suburb": "Avalon",
      "State": "NSW",
      "Postcode": "2107"
    },
    {
      "Division": "SUPERMARKETS",
      "Name": "Glenorie",
      "AddressLine1": "936-938 Old Northern Road",
      "Suburb": "Glenorie",
      "State": "NSW",
      "Postcode": "2157"
    },
    {
      "Division": "SUPERMARKETS",
      "Name": "Mona Vale",
      "AddressLine1": "25-29 Park Street",
      "Suburb": "Mona Vale",
      "State": "NSW",
      "Postcode": "2103"
    },
    {
      "Division": "SUPERMARKETS",
      "Name": "Warriewood",
      "AddressLine1": "12 Jacksons Road",
      "Suburb": "Warriewood",
      "State": "NSW",
      "Postcode": "2102"
    },
    {
      "Division": "SUPERMARKETS",
      "Name": "Narrabeen",
      "AddressLine1": "12 Lagoon Street",
      "Suburb": "Narrabeen",
      "State": "NSW",
      "Postcode": "2101"
    },
    {
      "Division": "SUPERMARKETS",
      "Name": "Windsor",
      "AddressLine1": "6-16 Kable Street",
      "Suburb": "Windsor",
      "State": "NSW",
      "Postcode": "2756"
    },
    {
      "Division": "SUPERMARKETS",
      "Name": "Richmond",
      "AddressLine1": "Cnr Lennox & Paget Street",
      "Suburb": "Richmond",
      "State": "NSW",
      "Postcode": "2753"
    },
    {
      "Division": "SUPERMARKETS",
      "Name": "North Turramurra Metro",
      "AddressLine1": "290 Bobbin Road",
      "Suburb": "North Turramurra",
      "State": "NSW",
      "Postcode": "2074"
    },
    {
      "Division": "SUPERMARKETS",
      "Name": "Hornsby",
      "AddressLine1": "Westfield Shopping Centre, 236 Pacific Highway",
      "Suburb": "Hornsby",
      "State": "NSW",
      "Postcode": "2077"
    },
    {
      "Division": "SUPERMARKETS",
      "Name": "Dee Why",
      "AddressLine1": "37 Howard Avenue",
      "Suburb": "Dee Why",
      "State": "NSW",
      "Postcode": "2099"
    },
    {
      "Division": "SUPERMARKETS",
      "Name": "Dural",
      "AddressLine1": "2 Allen Way",
      "Suburb": "Round Corner",
      "State": "NSW",
      "Postcode": "2158"
    },
    {
      "Division": "SUPERMARKETS",
      "Name": "Glenrose",
      "AddressLine1": "56 - 58 Glen Street",
      "Suburb": "Belrose",
      "State": "NSW",
      "Postcode": "2085"
    },
    {
      "Division": "SUPERMARKETS",
      "Name": "St Ives",
      "AddressLine1": "St Ives Shopping Village, 166 Mona Vale Road",
      "Suburb": "St Ives",
      "State": "NSW",
      "Postcode": "2075"
    },
    {
      "Division": "SUPERMARKETS",
      "Name": "Kellyville North",
      "AddressLine1": "Cnr Withers & Hezlett Roads",
      "Suburb": "Kellyville North",
      "State": "NSW",
      "Postcode": "2155"
    },
    {
      "Division": "SUPERMARKETS",
      "Name": "Frenchs Forest",
      "AddressLine1": "Forestway Shopping Centre, Cnr Russell Avenue And Forest Way",
      "Suburb": "Frenchs Forest",
      "State": "NSW",
      "Postcode": "2086"
    },
    {
      "Division": "SUPERMARKETS",
      "Name": "Warringah Mall (Brookvale)",
      "AddressLine1": "Pittwater Road",
      "Suburb": "Brookvale",
      "State": "NSW",
      "Postcode": "2100"
    },
    {
      "Division": "SUPERMARKETS",
      "Name": "Rouse Hill",
      "AddressLine1": "10-14 Market Lane",
      "Suburb": "Rouse Hill",
      "State": "NSW",
      "Postcode": "2155"
    },
    {
      "Division": "SUPERMARKETS",
      "Name": "Cherrybrook Village",
      "AddressLine1": "Shop 17, Cherrybrook Village, 41-47 Shepherds Drive",
      "Suburb": "Cherrybrook",
      "State": "NSW",
      "Postcode": "2126"
    },
    {
      "Division": "SUPERMARKETS",
      "Name": "Thornleigh",
      "AddressLine1": "261 Pennant Hills Road",
      "Suburb": "Thornleigh",
      "State": "NSW",
      "Postcode": "2120"
    },
    {
      "Division": "SUPERMARKETS",
      "Name": "Knightsbridge (Metro)",
      "AddressLine1": "159 Ridgecrop Dr, Castle Hill",
      "Suburb": "Castle Hill",
      "State": "NSW",
      "Postcode": "2154"
    },
    {
      "Division": "SUPERMARKETS",
      "Name": "Gordon",
      "AddressLine1": "802-808 Pacific Highway",
      "Suburb": "Gordon",
      "State": "NSW",
      "Postcode": "2072"
    },
    {
      "Division": "SUPERMARKETS",
      "Name": "Kellyville",
      "AddressLine1": "88 Wrights Road",
      "Suburb": "Kellyville",
      "State": "NSW",
      "Postcode": "2155"
    },
    {
      "Division": "SUPERMARKETS",
      "Name": "The Ponds",
      "AddressLine1": "Cnr Riverbank Drive and The Ponds Boulevard",
      "Suburb": "The Ponds",
      "State": "NSW",
      "Postcode": "2769"
    },
    {
      "Division": "SUPERMARKETS",
      "Name": "Balgowlah",
      "AddressLine1": "17-31 Roseberry Street",
      "Suburb": "Balgowlah",
      "State": "NSW",
      "Postcode": "2093"
    },
    {
      "Division": "SUPERMARKETS",
      "Name": "Kellyville Grove",
      "AddressLine1": "2 Hector Court",
      "Suburb": "Kellyville",
      "State": "NSW",
      "Postcode": "2155"
    },
    {
      "Division": "SUPERMARKETS",
      "Name": "Castle Hill Showground Village",
      "AddressLine1": "1-5 Doran Drive",
      "Suburb": "Castle Hill",
      "State": "NSW",
      "Postcode": "2154"
    },
    {
      "Division": "SUPERMARKETS",
      "Name": "Lithgow",
      "AddressLine1": "224 Mort Street",
      "Suburb": "Lithgow",
      "State": "NSW",
      "Postcode": "2790"
    },
    {
      "Division": "SUPERMARKETS",
      "Name": "Beecroft",
      "AddressLine1": "Corner of Hannah Street and Beecroft Road",
      "Suburb": "Beecroft",
      "State": "NSW",
      "Postcode": "2119"
    },
    {
      "Division": "SUPERMARKETS",
      "Name": "Schofields",
      "AddressLine1": "Railway Terrace and Pelican Road",
      "Suburb": "Schofields",
      "State": "NSW",
      "Postcode": "2762"
    },
    {
      "Division": "SUPERMARKETS",
      "Name": "West Pennant Hills (Metro)",
      "AddressLine1": "Shop 12, 35 Coonara Avenue",
      "Suburb": "West Pennant Hills",
      "State": "NSW",
      "Postcode": "2125"
    },
    {
      "Division": "SUPERMARKETS",
      "Name": "Chatswood East",
      "AddressLine1": "17 Smith St",
      "Suburb": "Chatswood",
      "State": "NSW",
      "Postcode": "2067"
    },
    {
      "Division": "SUPERMARKETS",
      "Name": "Norwest (Metro)",
      "AddressLine1": "1 Woolworths Way",
      "Suburb": "Bella Vista",
      "State": "NSW",
      "Postcode": "2153"
    },
    {
      "Division": "SUPERMARKETS",
      "Name": "Macquarie Ryde",
      "AddressLine1": "Macquarie Shopping Centre, Cnr Waterloo And Herring Roads",
      "Suburb": "North Ryde",
      "State": "NSW",
      "Postcode": "2113"
    },
    {
      "Division": "SUPERMARKETS",
      "Name": "Glenwood",
      "AddressLine1": "60 Glenwood Park Drive",
      "Suburb": "Glenwood",
      "State": "NSW",
      "Postcode": "2768"
    },
    {
      "Division": "SUPERMARKETS",
      "Name": "Marsfield",
      "AddressLine1": "Cnr Epping And Balaclava Roads",
      "Suburb": "Marsfield",
      "State": "NSW",
      "Postcode": "2122"
    },
    {
      "Division": "SUPERMARKETS",
      "Name": "Chatswood Rail Metro",
      "AddressLine1": "Shop 55 Chatswood Rail Interchange",
      "Suburb": "Chatswood",
      "State": "NSW",
      "Postcode": "2057"
    },
    {
      "Division": "SUPERMARKETS",
      "Name": "Norwest Circa",
      "AddressLine1": "1 Circa Boulevarde",
      "Suburb": "Bella Vista",
      "State": "NSW",
      "Postcode": "2153"
    },
    {
      "Division": "SUPERMARKETS",
      "Name": "Baulkham Hills",
      "AddressLine1": "375-383 Windsor Road",
      "Suburb": "Baulkham Hills",
      "State": "NSW",
      "Postcode": "2153"
    },
    {
      "Division": "SUPERMARKETS",
      "Name": "Kings Langley",
      "AddressLine1": "125 James Cook Drive",
      "Suburb": "Kings Langley",
      "State": "NSW",
      "Postcode": "2147"
    },
    {
      "Division": "SUPERMARKETS",
      "Name": "Northbridge",
      "AddressLine1": "79-113 Sailors Bay Road",
      "Suburb": "Northbridge",
      "State": "NSW",
      "Postcode": "2063"
    },
    {
      "Division": "SUPERMARKETS",
      "Name": "Greenway Village",
      "AddressLine1": "Shop M1 799 Richmond Road",
      "Suburb": "Colebee",
      "State": "NSW",
      "Postcode": "2761"
    },
    {
      "Division": "SUPERMARKETS",
      "Name": "Carlingford",
      "AddressLine1": "801-809 Pennant Hills Road",
      "Suburb": "Carlingford",
      "State": "NSW",
      "Postcode": "2118"
    },
    {
      "Division": "SUPERMARKETS",
      "Name": "Marayong",
      "AddressLine1": "Quakers Court, Cnr Falmouth And Quaker Roads",
      "Suburb": "Marayong",
      "State": "NSW",
      "Postcode": "2148"
    },
    {
      "Division": "SUPERMARKETS",
      "Name": "Eastwood",
      "AddressLine1": "Eastwood Centre, 160 Rowe Street",
      "Suburb": "Eastwood",
      "State": "NSW",
      "Postcode": "2122"
    },
    {
      "Division": "SUPERMARKETS",
      "Name": "Mosman (Metro)",
      "AddressLine1": "731-741 Military Rd",
      "Suburb": "Mosman",
      "State": "NSW",
      "Postcode": "2088"
    },
    {
      "Division": "SUPERMARKETS",
      "Name": "Lane Cove",
      "AddressLine1": "Cnr Longueville Road And Austin Street",
      "Suburb": "Lane Cove",
      "State": "NSW",
      "Postcode": "2066"
    },
    {
      "Division": "SUPERMARKETS",
      "Name": "Winston Hills",
      "AddressLine1": "Winston Hills Mall, 180 Caroline Chisholm Drive",
      "Suburb": "Winston Hills",
      "State": "NSW",
      "Postcode": "2153"
    },
    {
      "Division": "SUPERMARKETS",
      "Name": "Neutral Bay Village",
      "AddressLine1": "1-7 Rangers Road",
      "Suburb": "Neutral Bay",
      "State": "NSW",
      "Postcode": "2089"
    },
    {
      "Division": "SUPERMARKETS",
      "Name": "Crows Nest",
      "AddressLine1": "10 Falcon Street",
      "Suburb": "Crows Nest",
      "State": "NSW",
      "Postcode": "2065"
    },
    {
      "Division": "SUPERMARKETS",
      "Name": "West Ryde",
      "AddressLine1": "14 Anthony Road",
      "Suburb": "West Ryde",
      "State": "NSW",
      "Postcode": "2114"
    },
    {
      "Division": "SUPERMARKETS",
      "Name": "Plumpton",
      "AddressLine1": "260 Jersey Road",
      "Suburb": "Plumpton",
      "State": "NSW",
      "Postcode": "2761"
    },
    {
      "Division": "SUPERMARKETS",
      "Name": "Top Ryde",
      "AddressLine1": "Cnr Devlin Street And Blaxland Road",
      "Suburb": "Ryde",
      "State": "NSW",
      "Postcode": "2112"
    },
    {
      "Division": "SUPERMARKETS",
      "Name": "North Sydney Metro",
      "AddressLine1": "100 Miller St",
      "Suburb": "North Sydney",
      "State": "NSW",
      "Postcode": "2060"
    },
    {
      "Division": "SUPERMARKETS",
      "Name": "Boronia Park Metro",
      "AddressLine1": "130 Pittwater Road",
      "Suburb": "Boronia Park",
      "State": "NSW",
      "Postcode": "2111"
    },
    {
      "Division": "SUPERMARKETS",
      "Name": "Seven Hills",
      "AddressLine1": "224 Prospect Highway",
      "Suburb": "Seven Hills",
      "State": "NSW",
      "Postcode": "2147"
    },
    {
      "Division": "SUPERMARKETS",
      "Name": "Emerton",
      "AddressLine1": "Emerton Village Shopping Centre, Cnr Jersey Road And Bunting Street",
      "Suburb": "Emerton",
      "State": "NSW",
      "Postcode": "2770"
    },
    {
      "Division": "SUPERMARKETS",
      "Name": "North Parramatta",
      "AddressLine1": "1-9 North Rocks Road",
      "Suburb": "North Parramatta",
      "State": "NSW",
      "Postcode": "2151"
    },
    {
      "Division": "SUPERMARKETS",
      "Name": "Cranebrook",
      "AddressLine1": "80 - 98 Borrowdale Way",
      "Suburb": "Cranebrook",
      "State": "NSW",
      "Postcode": "2749"
    },
    {
      "Division": "SUPERMARKETS",
      "Name": "Blacktown",
      "AddressLine1": "Westpoint Shopping Centre, 17 Patrick Street",
      "Suburb": "Blacktown",
      "State": "NSW",
      "Postcode": "2148"
    },
    {
      "Division": "SUPERMARKETS",
      "Name": "Jordan Springs",
      "AddressLine1": "Cnr Lakeside Parade and Jordan Springs Boulevard",
      "Suburb": "Jordan Springs",
      "State": "NSW",
      "Postcode": "2747"
    },
    {
      "Division": "SUPERMARKETS",
      "Name": "Kirribilli Metro",
      "AddressLine1": "23 Broughton Street",
      "Suburb": "Kirribilli",
      "State": "NSW",
      "Postcode": "2061"
    },
    {
      "Division": "SUPERMARKETS",
      "Name": "Toongabbie",
      "AddressLine1": "17-19 Aurelia Street",
      "Suburb": "Toongabbie",
      "State": "NSW",
      "Postcode": "2146"
    },
    {
      "Division": "SUPERMARKETS",
      "Name": "Ermington",
      "AddressLine1": "30 Betty Cuthbert Avenue",
      "Suburb": "Ermington",
      "State": "NSW",
      "Postcode": "2115"
    },
    {
      "Division": "SUPERMARKETS",
      "Name": "Rhodes",
      "AddressLine1": "6-14 Walker Street",
      "Suburb": "Rhodes",
      "State": "NSW",
      "Postcode": "2138"
    },
    {
      "Division": "SUPERMARKETS",
      "Name": "Rose Bay (Metro)",
      "AddressLine1": "757 New South Head Road",
      "Suburb": "Rose Bay",
      "State": "NSW",
      "Postcode": "2029"
    },
    {
      "Division": "SUPERMARKETS",
      "Name": "George St Parramatta (Metro)",
      "AddressLine1": "180 George St",
      "Suburb": "Parramatta",
      "State": "NSW",
      "Postcode": "2150"
    },
    {
      "Division": "SUPERMARKETS",
      "Name": "Moama",
      "AddressLine1": "Cnr Cobb Highway And Perricoota Road",
      "Suburb": "Moama",
      "State": "NSW",
      "Postcode": "2731"
    },
    {
      "Division": "SUPERMARKETS",
      "Name": "Corowa",
      "AddressLine1": "68 Sanger Street",
      "Suburb": "Corowa",
      "State": "NSW",
      "Postcode": "2646"
    },
    {
      "Division": "SUPERMARKETS",
      "Name": "Albury Central",
      "AddressLine1": "Cnr Swift And David Street",
      "Suburb": "Albury",
      "State": "NSW",
      "Postcode": "2640"
    },
    {
      "Division": "SUPERMARKETS",
      "Name": "Lavington",
      "AddressLine1": "337-363 Griffith Road",
      "Suburb": "Lavington",
      "State": "NSW",
      "Postcode": "2641"
    },
    {
      "Division": "SUPERMARKETS",
      "Name": "Thurgoona",
      "AddressLine1": "10 Shuter Avenue",
      "Suburb": "Thurgoona",
      "State": "NSW",
      "Postcode": "2640"
    },
    {
      "Division": "SUPERMARKETS",
      "Name": "Jindabyne",
      "AddressLine1": "Shop 1, Nuggets Crossing",
      "Suburb": "Jindabyne",
      "State": "NSW",
      "Postcode": "2627"
    },
    {
      "Division": "SUPERMARKETS",
      "Name": "Kooringal",
      "AddressLine1": "Kooringal Mall Shop 41- 51 Lake Albert Road",
      "Suburb": "Wagga Wagga",
      "State": "NSW",
      "Postcode": "2650"
    },
    {
      "Division": "SUPERMARKETS",
      "Name": "Wagga Wagga",
      "AddressLine1": "87 Baylis Street",
      "Suburb": "Wagga Wagga",
      "State": "NSW",
      "Postcode": "2650"
    },
    {
      "Division": "SUPERMARKETS",
      "Name": "Wagga Wagga North",
      "AddressLine1": "30 Gurwood Street",
      "Suburb": "Wagga Wagga",
      "State": "NSW",
      "Postcode": "2650"
    },
    {
      "Division": "SUPERMARKETS",
      "Name": "Leeton",
      "AddressLine1": "Cnr Palm And Wamoon Avenue",
      "Suburb": "Leeton",
      "State": "NSW",
      "Postcode": "2705"
    },
    {
      "Division": "SUPERMARKETS",
      "Name": "Tumut",
      "AddressLine1": "Cnr Herlihy & Fitzroy Street",
      "Suburb": "Tumut",
      "State": "NSW",
      "Postcode": "2720"
    },
    {
      "Division": "SUPERMARKETS",
      "Name": "Griffith",
      "AddressLine1": "Cnr Banna Avenue And Bonegilla Road",
      "Suburb": "Griffith",
      "State": "NSW",
      "Postcode": "2680"
    },
    {
      "Division": "SUPERMARKETS",
      "Name": "Griffith North",
      "AddressLine1": "Burrell Place",
      "Suburb": "Griffith North",
      "State": "NSW",
      "Postcode": "2680"
    },
    {
      "Division": "SUPERMARKETS",
      "Name": "Cooma",
      "AddressLine1": "12-20 Vale Street",
      "Suburb": "Cooma",
      "State": "NSW",
      "Postcode": "2630"
    },
    {
      "Division": "SUPERMARKETS",
      "Name": "Gundagai",
      "AddressLine1": "246-250 Sheridan Street",
      "Suburb": "Gundagai",
      "State": "NSW",
      "Postcode": "2722"
    },
    {
      "Division": "SUPERMARKETS",
      "Name": "Temora",
      "AddressLine1": "104-110 Hoskins Street",
      "Suburb": "Temora",
      "State": "NSW",
      "Postcode": "2666"
    },
    {
      "Division": "SUPERMARKETS",
      "Name": "Cootamundra",
      "AddressLine1": "26-30 Bourke Street",
      "Suburb": "Cootamundra",
      "State": "NSW",
      "Postcode": "2590"
    },
    {
      "Division": "SUPERMARKETS",
      "Name": "Merimbula",
      "AddressLine1": "111 Main Street",
      "Suburb": "Merimbula",
      "State": "NSW",
      "Postcode": "2548"
    },
    {
      "Division": "SUPERMARKETS",
      "Name": "Bega",
      "AddressLine1": "Cnr of Auckland and Carp Street",
      "Suburb": "Bega",
      "State": "NSW",
      "Postcode": "2550"
    },
    {
      "Division": "SUPERMARKETS",
      "Name": "Tura Beach",
      "AddressLine1": "Cnr Tura Beach Dr & Saphire Coast Dr",
      "Suburb": "Tura Beach",
      "State": "NSW",
      "Postcode": "2548"
    },
    {
      "Division": "SUPERMARKETS",
      "Name": "Jerrabomberra",
      "AddressLine1": "2 Limestone Drive",
      "Suburb": "Jerrabomberra",
      "State": "NSW",
      "Postcode": "2619"
    },
    {
      "Division": "SUPERMARKETS",
      "Name": "Queanbeyan",
      "AddressLine1": "Cnr Crawford & Antill Street",
      "Suburb": "Queanbeyan",
      "State": "NSW",
      "Postcode": "2620"
    },
    {
      "Division": "SUPERMARKETS",
      "Name": "Bermagui",
      "AddressLine1": "1-9 Young Street",
      "Suburb": "Bermagui",
      "State": "NSW",
      "Postcode": "2546"
    },
    {
      "Division": "SUPERMARKETS",
      "Name": "Yass",
      "AddressLine1": "Cnr Comur & Polding Street",
      "Suburb": "Yass",
      "State": "NSW",
      "Postcode": "2582"
    },
    {
      "Division": "SUPERMARKETS",
      "Name": "Young",
      "AddressLine1": "Boorowa Street",
      "Suburb": "Young",
      "State": "NSW",
      "Postcode": "2594"
    },
    {
      "Division": "SUPERMARKETS",
      "Name": "Narooma",
      "AddressLine1": "Cnr Princess Highway & Willcocks Avenue",
      "Suburb": "Narooma",
      "State": "NSW",
      "Postcode": "2546"
    },
    {
      "Division": "SUPERMARKETS",
      "Name": "Moruya",
      "AddressLine1": "61-63 Queen Street",
      "Suburb": "Moruya",
      "State": "NSW",
      "Postcode": "2537"
    },
    {
      "Division": "SUPERMARKETS",
      "Name": "Batemans Bay",
      "AddressLine1": "9-13 Clyde Street",
      "Suburb": "Batemans Bay",
      "State": "NSW",
      "Postcode": "2536"
    },
    {
      "Division": "SUPERMARKETS",
      "Name": "Goulburn",
      "AddressLine1": "Cnr Sloane & Verner Street",
      "Suburb": "Goulburn",
      "State": "NSW",
      "Postcode": "2580"
    },
    {
      "Division": "SUPERMARKETS",
      "Name": "Cowra",
      "AddressLine1": "3-9 Railway Lane",
      "Suburb": "Cowra",
      "State": "NSW",
      "Postcode": "2794"
    },
    {
      "Division": "SUPERMARKETS",
      "Name": "Ulladulla",
      "AddressLine1": "116 Princes Highway",
      "Suburb": "Ulladulla",
      "State": "NSW",
      "Postcode": "2539"
    },
    {
      "Division": "SUPERMARKETS",
      "Name": "Forbes",
      "AddressLine1": "134 Rankin Street",
      "Suburb": "Forbes",
      "State": "NSW",
      "Postcode": "2871"
    },
    {
      "Division": "SUPERMARKETS",
      "Name": "Vincentia",
      "AddressLine1": "Corner of Naval College Road and The Wool Road",
      "Suburb": "Vincentia",
      "State": "NSW",
      "Postcode": "2540"
    },
    {
      "Division": "SUPERMARKETS",
      "Name": "Parkes",
      "AddressLine1": "299 Clarinda Street",
      "Suburb": "Parkes",
      "State": "NSW",
      "Postcode": "2870"
    },
    {
      "Division": "SUPERMARKETS",
      "Name": "Nowra",
      "AddressLine1": "9-13 Kinghorne Street",
      "Suburb": "Nowra",
      "State": "NSW",
      "Postcode": "2541"
    },
    {
      "Division": "SUPERMARKETS",
      "Name": "Nowra Stocklands",
      "AddressLine1": "Shop 2, Stockland Nowra Shopping Centre, 32-60 East Street",
      "Suburb": "Nowra",
      "State": "NSW",
      "Postcode": "2541"
    },
    {
      "Division": "SUPERMARKETS",
      "Name": "Bomaderry",
      "AddressLine1": "320 Princess Highway",
      "Suburb": "Bomaderry",
      "State": "NSW",
      "Postcode": "2541"
    },
    {
      "Division": "SUPERMARKETS",
      "Name": "Culburra Beach",
      "AddressLine1": "8-22 Weston Street",
      "Suburb": "Culburra Beach",
      "State": "NSW",
      "Postcode": "2540"
    },
    {
      "Division": "SUPERMARKETS",
      "Name": "Bowral",
      "AddressLine1": "380 Bong Bong Street",
      "Suburb": "Bowral",
      "State": "NSW",
      "Postcode": "2576"
    },
    {
      "Division": "SUPERMARKETS",
      "Name": "Mittagong West",
      "AddressLine1": "197 Old Hume Highway",
      "Suburb": "Mittagong West",
      "State": "NSW",
      "Postcode": "2575"
    },
    {
      "Division": "SUPERMARKETS",
      "Name": "Orange",
      "AddressLine1": "197-203 Anson Street",
      "Suburb": "Orange",
      "State": "NSW",
      "Postcode": "2800"
    },
    {
      "Division": "SUPERMARKETS",
      "Name": "North Orange",
      "AddressLine1": "Telopea Way, Warratah Park",
      "Suburb": "North Orange",
      "State": "NSW",
      "Postcode": "2800"
    },
    {
      "Division": "SUPERMARKETS",
      "Name": "Kiama",
      "AddressLine1": "Kiama View Shopping Centre, 143 Terralong Street",
      "Suburb": "Kiama",
      "State": "NSW",
      "Postcode": "2533"
    },
    {
      "Division": "SUPERMARKETS",
      "Name": "Albion Park",
      "AddressLine1": "Cnr Terry & Russell Street",
      "Suburb": "Albion Park",
      "State": "NSW",
      "Postcode": "2527"
    },
    {
      "Division": "SUPERMARKETS",
      "Name": "Stoney Range (Shellharbour)",
      "AddressLine1": "Stoney Range Centre, New Lake Entrance Road",
      "Suburb": "Shellharbour",
      "State": "NSW",
      "Postcode": "2529"
    },
    {
      "Division": "SUPERMARKETS",
      "Name": "Stocklands Shellharbour",
      "AddressLine1": "Shellharbour Stocklands Centre, Lake Entrance Rd",
      "Suburb": "Shellharbour",
      "State": "NSW",
      "Postcode": "2529"
    },
    {
      "Division": "SUPERMARKETS",
      "Name": "Shell Cove",
      "AddressLine1": "100 Cove Boulevard",
      "Suburb": "Shell Cove",
      "State": "NSW",
      "Postcode": "2529"
    },
    {
      "Division": "SUPERMARKETS",
      "Name": "Dapto",
      "AddressLine1": "75-87 Princes Highway",
      "Suburb": "Dapto",
      "State": "NSW",
      "Postcode": "2530"
    },
    {
      "Division": "SUPERMARKETS",
      "Name": "Warilla",
      "AddressLine1": "43-57 Shellharbour Road",
      "Suburb": "Warilla",
      "State": "NSW",
      "Postcode": "2528"
    },
    {
      "Division": "SUPERMARKETS",
      "Name": "Bathurst City Centre",
      "AddressLine1": "210 Howick Street",
      "Suburb": "Bathurst",
      "State": "NSW",
      "Postcode": "2795"
    },
    {
      "Division": "SUPERMARKETS",
      "Name": "Bathurst",
      "AddressLine1": "121 Howick Street",
      "Suburb": "Bathurst",
      "State": "NSW",
      "Postcode": "2795"
    },
    {
      "Division": "SUPERMARKETS",
      "Name": "Tahmoor",
      "AddressLine1": "Cnr Remembrance Driveway And Thirlmere Way",
      "Suburb": "Tahmoor",
      "State": "NSW",
      "Postcode": "2573"
    },
    {
      "Division": "SUPERMARKETS",
      "Name": "Unanderra",
      "AddressLine1": "4-8 Tannery Street",
      "Suburb": "Unanderra",
      "State": "NSW",
      "Postcode": "2526"
    },
    {
      "Division": "SUPERMARKETS",
      "Name": "Warrawong",
      "AddressLine1": "Cowper Street and King St",
      "Suburb": "Warrawong",
      "State": "NSW",
      "Postcode": "2502"
    },
    {
      "Division": "SUPERMARKETS",
      "Name": "Figtree",
      "AddressLine1": "19 Princes Highway",
      "Suburb": "Figtree",
      "State": "NSW",
      "Postcode": "2525"
    },
    {
      "Division": "SUPERMARKETS",
      "Name": "Wilton Plaza (Metro)",
      "AddressLine1": "1 Greenbridge Drive",
      "Suburb": "Wilton",
      "State": "NSW",
      "Postcode": "2571"
    },
    {
      "Division": "SUPERMARKETS",
      "Name": "Wollongong",
      "AddressLine1": "63 Burelli Street",
      "Suburb": "Wollongong",
      "State": "NSW",
      "Postcode": "2500"
    },
    {
      "Division": "SUPERMARKETS",
      "Name": "Fairy Meadow",
      "AddressLine1": "66 Princes Highway",
      "Suburb": "Fairy Meadow",
      "State": "NSW",
      "Postcode": "2519"
    },
    {
      "Division": "SUPERMARKETS",
      "Name": "Corrimal",
      "AddressLine1": "Lederer Corrimal Shopping Centre, 270 Princes Highway",
      "Suburb": "Corrimal",
      "State": "NSW",
      "Postcode": "2518"
    },
    {
      "Division": "SUPERMARKETS",
      "Name": "Bulli",
      "AddressLine1": "Cnr Princess Highway & Molloy Street",
      "Suburb": "Bulli",
      "State": "NSW",
      "Postcode": "2516"
    },
    {
      "Division": "SUPERMARKETS",
      "Name": "Katoomba",
      "AddressLine1": "Parke and Waratah Street",
      "Suburb": "Katoomba",
      "State": "NSW",
      "Postcode": "2780"
    },
    {
      "Division": "SUPERMARKETS",
      "Name": "Camden",
      "AddressLine1": "35 Oxley Street",
      "Suburb": "Camden",
      "State": "NSW",
      "Postcode": "2570"
    },
    {
      "Division": "SUPERMARKETS",
      "Name": "Leura (Metro)",
      "AddressLine1": "152-160 Leura Mall",
      "Suburb": "Leura",
      "State": "NSW",
      "Postcode": "2780"
    },
    {
      "Division": "SUPERMARKETS",
      "Name": "Spring Farm",
      "AddressLine1": "254 Richardson Rd",
      "Suburb": "Spring Farm",
      "State": "NSW",
      "Postcode": "2570"
    },
    {
      "Division": "SUPERMARKETS",
      "Name": "Narellan",
      "AddressLine1": "Narellan Town Centre, 326 Camden Valley Way",
      "Suburb": "Narellan",
      "State": "NSW",
      "Postcode": "2567"
    },
    {
      "Division": "SUPERMARKETS",
      "Name": "Rosemeadow",
      "AddressLine1": "Cnr Copperfield And Thomas Rose Drives",
      "Suburb": "Rosemeadow",
      "State": "NSW",
      "Postcode": "2560"
    },
    {
      "Division": "SUPERMARKETS",
      "Name": "Mt Annan",
      "AddressLine1": "11-13 Main Street",
      "Suburb": "Mt Annan",
      "State": "NSW",
      "Postcode": "2567"
    },
    {
      "Division": "SUPERMARKETS",
      "Name": "Campbelltown",
      "AddressLine1": "Macarthur Square Shopping Centre, Gilchrist Drive And Kellicar Road",
      "Suburb": "Campbelltown",
      "State": "NSW",
      "Postcode": "2560"
    },
    {
      "Division": "SUPERMARKETS",
      "Name": "Campbelltown Marketfair",
      "AddressLine1": "Cnr Tindall Street And Kellicar And Narellan Roads",
      "Suburb": "Campbelltown",
      "State": "NSW",
      "Postcode": "2560"
    },
    {
      "Division": "SUPERMARKETS",
      "Name": "Silverdale",
      "AddressLine1": "2320 Silverdale Rd",
      "Suburb": "Silverdale",
      "State": "NSW",
      "Postcode": "2752"
    },
    {
      "Division": "SUPERMARKETS",
      "Name": "Campbelltown Mall",
      "AddressLine1": "271 Queen Street",
      "Suburb": "Campbelltown",
      "State": "NSW",
      "Postcode": "2560"
    },
    {
      "Division": "SUPERMARKETS",
      "Name": "Oran Park",
      "AddressLine1": "Oran Park Drive and Peter Brock Drive",
      "Suburb": "Oran Park",
      "State": "NSW",
      "Postcode": "2570"
    },
    {
      "Division": "SUPERMARKETS",
      "Name": "Gregory Hills",
      "AddressLine1": "Cnr of Village Circuit & Gregory Hills Dr",
      "Suburb": "Gregory Hills",
      "State": "NSW",
      "Postcode": "2557"
    },
    {
      "Division": "SUPERMARKETS",
      "Name": "Eagle Vale",
      "AddressLine1": "180 Gould Road",
      "Suburb": "Eagle Vale",
      "State": "NSW",
      "Postcode": "2558"
    },
    {
      "Division": "SUPERMARKETS",
      "Name": "Emerald Hills",
      "AddressLine1": "5 Emerald Hills Blvd, Leppington NSW 2179",
      "Suburb": "LEPPINGTON",
      "State": "NSW",
      "Postcode": "2179"
    },
    {
      "Division": "SUPERMARKETS",
      "Name": "Minto",
      "AddressLine1": "10 Brookfield Road",
      "Suburb": "Minto",
      "State": "NSW",
      "Postcode": "2566"
    },
    {
      "Division": "SUPERMARKETS",
      "Name": "Leppington",
      "AddressLine1": "108 Ingleburn Rd",
      "Suburb": "Leppington",
      "State": "NSW",
      "Postcode": "2179"
    },
    {
      "Division": "SUPERMARKETS",
      "Name": "Ingleburn",
      "AddressLine1": "Ingleburn Town Centre, Cnr Nardoo & Norfolk Street",
      "Suburb": "Ingleburn",
      "State": "NSW",
      "Postcode": "2565"
    },
    {
      "Division": "SUPERMARKETS",
      "Name": "Glenmore Village (Metro)",
      "AddressLine1": "90-98 Glenmore Ridge Drive, Glenmore Park, NSW 2745",
      "Suburb": "Glenmore Park",
      "State": "NSW",
      "Postcode": "2745"
    },
    {
      "Division": "SUPERMARKETS",
      "Name": "Glenmore Park",
      "AddressLine1": "Cnr Town Terrace And Glenmore Parkway",
      "Suburb": "Glenmore Park",
      "State": "NSW",
      "Postcode": "2745"
    },
    {
      "Division": "SUPERMARKETS",
      "Name": "Macquarie Fields",
      "AddressLine1": "Victoria Road and Brooks Street",
      "Suburb": "Macquarie Fields",
      "State": "NSW",
      "Postcode": "2564"
    },
    {
      "Division": "SUPERMARKETS",
      "Name": "Prestons",
      "AddressLine1": "1975 - 1985 Camden Valley Way",
      "Suburb": "Prestons",
      "State": "NSW",
      "Postcode": "2170"
    },
    {
      "Division": "SUPERMARKETS",
      "Name": "Carnes Hill",
      "AddressLine1": "245 Cowpasture Road",
      "Suburb": "Carnes Hill",
      "State": "NSW",
      "Postcode": "2171"
    },
    {
      "Division": "SUPERMARKETS",
      "Name": "Emu Plains",
      "AddressLine1": "Lennox Shopping Centre, Cnr Great Western Highway And Lawson Street",
      "Suburb": "Emu Plains",
      "State": "NSW",
      "Postcode": "2750"
    },
    {
      "Division": "SUPERMARKETS",
      "Name": "Penrith South",
      "AddressLine1": "Southlands Shopping Centre 2 Birmingham Road",
      "Suburb": "South Penrith",
      "State": "NSW",
      "Postcode": "2750"
    },
    {
      "Division": "SUPERMARKETS",
      "Name": "Casula",
      "AddressLine1": "607 Hume Highway",
      "Suburb": "Casula",
      "State": "NSW",
      "Postcode": "2170"
    },
    {
      "Division": "SUPERMARKETS",
      "Name": "Engadine",
      "AddressLine1": "1031 Old Princes Highway",
      "Suburb": "Engadine",
      "State": "NSW",
      "Postcode": "2233"
    },
    {
      "Division": "SUPERMARKETS",
      "Name": "Penrith",
      "AddressLine1": "569-589 High St",
      "Suburb": "Penrith",
      "State": "NSW",
      "Postcode": "2750"
    },
    {
      "Division": "SUPERMARKETS",
      "Name": "Green Valley",
      "AddressLine1": "The Valley Plaza, 187 Wilson Road",
      "Suburb": "Hinchinbrook",
      "State": "NSW",
      "Postcode": "2168"
    },
    {
      "Division": "SUPERMARKETS",
      "Name": "Cecil Hills",
      "AddressLine1": "Cnr Sandringham Drive And Fedore Road",
      "Suburb": "Cecil Hills",
      "State": "NSW",
      "Postcode": "2171"
    },
    {
      "Division": "SUPERMARKETS",
      "Name": "Miller",
      "AddressLine1": "Miller Central, 90 Cartwright Avenue",
      "Suburb": "Miller",
      "State": "NSW",
      "Postcode": "2168"
    },
    {
      "Division": "SUPERMARKETS",
      "Name": "Caddens",
      "AddressLine1": "68 O'Connell Street",
      "Suburb": "Caddens",
      "State": "NSW",
      "Postcode": "2747"
    },
    {
      "Division": "SUPERMARKETS",
      "Name": "St Clair",
      "AddressLine1": "155 Bennett Road",
      "Suburb": "St Clair",
      "State": "NSW",
      "Postcode": "2759"
    },
    {
      "Division": "SUPERMARKETS",
      "Name": "Menai",
      "AddressLine1": "Allison Crescent",
      "Suburb": "Menai",
      "State": "NSW",
      "Postcode": "2234"
    },
    {
      "Division": "SUPERMARKETS",
      "Name": "Bonnyrigg",
      "AddressLine1": "100 Bonnyrigg Avenue",
      "Suburb": "Bonnyrigg",
      "State": "NSW",
      "Postcode": "2177"
    },
    {
      "Division": "SUPERMARKETS",
      "Name": "Liverpool",
      "AddressLine1": "Westfield Shopping Centre, Cnr Campbell & Northumberland Street",
      "Suburb": "Liverpool",
      "State": "NSW",
      "Postcode": "2170"
    },
    {
      "Division": "SUPERMARKETS",
      "Name": "St Marys",
      "AddressLine1": "10 Charles Hackett Drive",
      "Suburb": "St Marys",
      "State": "NSW",
      "Postcode": "2760"
    },
    {
      "Division": "SUPERMARKETS",
      "Name": "Moorebank",
      "AddressLine1": "Moorebank Shopping Village, 136 Stockton Avenue",
      "Suburb": "Moorebank",
      "State": "NSW",
      "Postcode": "2170"
    },
    {
      "Division": "SUPERMARKETS",
      "Name": "Kirrawee",
      "AddressLine1": "28-34 Flora Street",
      "Suburb": "Kirrawee",
      "State": "NSW",
      "Postcode": "2232"
    },
    {
      "Division": "SUPERMARKETS",
      "Name": "Wetherill Park",
      "AddressLine1": "Cnr Restwell Road & Polding st Prairewood",
      "Suburb": "Wetherill Park",
      "State": "NSW",
      "Postcode": "2164"
    },
    {
      "Division": "SUPERMARKETS",
      "Name": "Cabramatta",
      "AddressLine1": "180 Railway Parade",
      "Suburb": "Cabramatta",
      "State": "NSW",
      "Postcode": "2166"
    },
    {
      "Division": "SUPERMARKETS",
      "Name": "Jannali Metro",
      "AddressLine1": "541 Box Rd",
      "Suburb": "Jannali",
      "State": "NSW",
      "Postcode": "2226"
    },
    {
      "Division": "SUPERMARKETS",
      "Name": "Mt Druitt",
      "AddressLine1": "49 Cnr Carlisle Ave and Luxford Road",
      "Suburb": "Mt Druitt",
      "State": "NSW",
      "Postcode": "2770"
    },
    {
      "Division": "SUPERMARKETS",
      "Name": "Revesby",
      "AddressLine1": "60 Marco Avenue",
      "Suburb": "Revesby",
      "State": "NSW",
      "Postcode": "2212"
    },
    {
      "Division": "SUPERMARKETS",
      "Name": "Miranda",
      "AddressLine1": "600 The Kingsway",
      "Suburb": "Miranda",
      "State": "NSW",
      "Postcode": "2228"
    },
    {
      "Division": "SUPERMARKETS",
      "Name": "Caringbah",
      "AddressLine1": "58 President Ave",
      "Suburb": "Caringbah",
      "State": "NSW",
      "Postcode": "2229"
    },
    {
      "Division": "SUPERMARKETS",
      "Name": "Eastern Creek",
      "AddressLine1": "159 Rooty Hill Road South",
      "Suburb": "Eastern Creek",
      "State": "NSW",
      "Postcode": "2766"
    },
    {
      "Division": "SUPERMARKETS",
      "Name": "Fairfield Heights",
      "AddressLine1": "186 The Boulevard",
      "Suburb": "Fairfield Heights",
      "State": "NSW",
      "Postcode": "2165"
    },
    {
      "Division": "SUPERMARKETS",
      "Name": "Padstow (Metro)",
      "AddressLine1": "5 Faraday Road",
      "Suburb": "Padstow",
      "State": "NSW",
      "Postcode": "2211"
    },
    {
      "Division": "SUPERMARKETS",
      "Name": "Fairfield",
      "AddressLine1": "Neeta City Shopping Centre, 1-29 Court Street",
      "Suburb": "Fairfield",
      "State": "NSW",
      "Postcode": "2165"
    },
    {
      "Division": "SUPERMARKETS",
      "Name": "Sylvania",
      "AddressLine1": "124 Princes Highway",
      "Suburb": "Sylvania",
      "State": "NSW",
      "Postcode": "2224"
    },
    {
      "Division": "SUPERMARKETS",
      "Name": "Bass Hill",
      "AddressLine1": "753 Hume Highway, Bass Hill Plaza",
      "Suburb": "Bass Hill",
      "State": "NSW",
      "Postcode": "2197"
    },
    {
      "Division": "SUPERMARKETS",
      "Name": "Mortdale",
      "AddressLine1": "84D Roberts Avenue",
      "Suburb": "Mortdale",
      "State": "NSW",
      "Postcode": "2223"
    },
    {
      "Division": "SUPERMARKETS",
      "Name": "Caringbah CFC",
      "AddressLine1": "13 Endeavour Road",
      "Suburb": "Caringbah",
      "State": "NSW",
      "Postcode": "2229"
    },
    {
      "Division": "SUPERMARKETS",
      "Name": "Riverwood",
      "AddressLine1": "247 Belmore Road",
      "Suburb": "Riverwood",
      "State": "NSW",
      "Postcode": "2210"
    },
    {
      "Division": "SUPERMARKETS",
      "Name": "Cronulla Metro",
      "AddressLine1": "84-86 Cronulla Street",
      "Suburb": "Cronulla",
      "State": "NSW",
      "Postcode": "2230"
    },
    {
      "Division": "SUPERMARKETS",
      "Name": "Woolooware Bay",
      "AddressLine1": "455-461 Captain Cook Drive",
      "Suburb": "Woolooware",
      "State": "NSW",
      "Postcode": "2230"
    },
    {
      "Division": "SUPERMARKETS",
      "Name": "Prospect",
      "AddressLine1": "360 Flushcombe Road",
      "Suburb": "Prospect",
      "State": "NSW",
      "Postcode": "2148"
    },
    {
      "Division": "SUPERMARKETS",
      "Name": "Pemulwuy",
      "AddressLine1": "Cnr Greystanes Road & Butu Wargun Drive",
      "Suburb": "Pemulwuy",
      "State": "NSW",
      "Postcode": "2145"
    },
    {
      "Division": "SUPERMARKETS",
      "Name": "Chester Hill",
      "AddressLine1": "Chester Square Shopping Centre, 1-13 Leicester Street",
      "Suburb": "Chester Hill",
      "State": "NSW",
      "Postcode": "2162"
    },
    {
      "Division": "SUPERMARKETS",
      "Name": "Bankstown",
      "AddressLine1": "Centro Shopping Centre, Lady Cutler Avenue",
      "Suburb": "Bankstown",
      "State": "NSW",
      "Postcode": "2200"
    },
    {
      "Division": "SUPERMARKETS",
      "Name": "Greystanes",
      "AddressLine1": "665-669 Merrylands Road",
      "Suburb": "Greystanes",
      "State": "NSW",
      "Postcode": "2145"
    },
    {
      "Division": "SUPERMARKETS",
      "Name": "Punchbowl",
      "AddressLine1": "1-9 the Boulevard",
      "Suburb": "Punchbowl",
      "State": "NSW",
      "Postcode": "2196"
    },
    {
      "Division": "SUPERMARKETS",
      "Name": "Roselands",
      "AddressLine1": "34 Roselands Drive",
      "Suburb": "Roselands",
      "State": "NSW",
      "Postcode": "2196"
    },
    {
      "Division": "SUPERMARKETS",
      "Name": "Hurstville",
      "AddressLine1": "Cnr Park & Cross Streets",
      "Suburb": "Hurstville",
      "State": "NSW",
      "Postcode": "2220"
    },
    {
      "Division": "SUPERMARKETS",
      "Name": "Hurstville East",
      "AddressLine1": "89 Durham St",
      "Suburb": "Hurstville East",
      "State": "NSW",
      "Postcode": "2220"
    },
    {
      "Division": "SUPERMARKETS",
      "Name": "Lakemba",
      "AddressLine1": "2 - 26 Haldon Street",
      "Suburb": "Lakemba",
      "State": "NSW",
      "Postcode": "2195"
    },
    {
      "Division": "SUPERMARKETS",
      "Name": "Merrylands",
      "AddressLine1": "209 Pitt Street",
      "Suburb": "Merrylands",
      "State": "NSW",
      "Postcode": "2160"
    },
    {
      "Division": "SUPERMARKETS",
      "Name": "Wentworthville",
      "AddressLine1": "326-336  Great Western Hwy",
      "Suburb": "Wentworthville",
      "State": "NSW",
      "Postcode": "2145"
    },
    {
      "Division": "SUPERMARKETS",
      "Name": "Kingsgrove",
      "AddressLine1": "Mashman Ave",
      "Suburb": "Kingsgrove",
      "State": "NSW",
      "Postcode": "2208"
    },
    {
      "Division": "SUPERMARKETS",
      "Name": "Berala",
      "AddressLine1": "156 Woodburn Road",
      "Suburb": "Berala",
      "State": "NSW",
      "Postcode": "2141"
    },
    {
      "Division": "SUPERMARKETS",
      "Name": "Chullora",
      "AddressLine1": "355 Waterloo Road",
      "Suburb": "Chullora",
      "State": "NSW",
      "Postcode": "2190"
    },
    {
      "Division": "SUPERMARKETS",
      "Name": "Granville",
      "AddressLine1": "6 Louis Street",
      "Suburb": "Granville",
      "State": "NSW",
      "Postcode": "2142"
    },
    {
      "Division": "SUPERMARKETS",
      "Name": "Kogarah",
      "AddressLine1": "Kogarah Town Centre, Railway Parade",
      "Suburb": "Kogarah",
      "State": "NSW",
      "Postcode": "2217"
    },
    {
      "Division": "SUPERMARKETS",
      "Name": "Bexley North (Metro)",
      "AddressLine1": "216 Sarsfield Circuit",
      "Suburb": "Bexley North",
      "State": "NSW",
      "Postcode": "2207"
    },
    {
      "Division": "SUPERMARKETS",
      "Name": "Rockdale",
      "AddressLine1": "Rockdale Plaza, 1 Rockdale Plaza Drive",
      "Suburb": "Rockdale",
      "State": "NSW",
      "Postcode": "2216"
    },
    {
      "Division": "SUPERMARKETS",
      "Name": "Cowper St Metro",
      "AddressLine1": "35 East Street",
      "Suburb": "Granville",
      "State": "NSW",
      "Postcode": "2142"
    },
    {
      "Division": "SUPERMARKETS",
      "Name": "Auburn",
      "AddressLine1": "Cnr Queen And Park Road",
      "Suburb": "Auburn",
      "State": "NSW",
      "Postcode": "2144"
    },
    {
      "Division": "SUPERMARKETS",
      "Name": "Parramatta",
      "AddressLine1": "171 Church Street",
      "Suburb": "Parramatta",
      "State": "NSW",
      "Postcode": "2150"
    },
    {
      "Division": "SUPERMARKETS",
      "Name": "Campsie",
      "AddressLine1": "68-72 Evaline St",
      "Suburb": "Campsie",
      "State": "NSW",
      "Postcode": "2194"
    },
    {
      "Division": "SUPERMARKETS",
      "Name": "Parramatta Station (Metro)",
      "AddressLine1": "Shop 1156, L1 Westfield Parramatta",
      "Suburb": "Parramatta",
      "State": "NSW",
      "Postcode": "2150"
    },
    {
      "Division": "SUPERMARKETS",
      "Name": "Auburn CFC",
      "AddressLine1": "11 Percy Street",
      "Suburb": "Auburn",
      "State": "NSW",
      "Postcode": "2144"
    },
    {
      "Division": "SUPERMARKETS",
      "Name": "Lidcombe",
      "AddressLine1": "92 Parramatta Road",
      "Suburb": "Lidcombe",
      "State": "NSW",
      "Postcode": "2144"
    },
    {
      "Division": "SUPERMARKETS",
      "Name": "Rosehill",
      "AddressLine1": "28-30 Oak Street",
      "Suburb": "Rosehill",
      "State": "NSW",
      "Postcode": "2142"
    },
    {
      "Division": "SUPERMARKETS",
      "Name": "Canterbury",
      "AddressLine1": "2A Charles Street",
      "Suburb": "Canterbury",
      "State": "NSW",
      "Postcode": "2193"
    },
    {
      "Division": "SUPERMARKETS",
      "Name": "Carter St Metro",
      "AddressLine1": "11A / 13 Carter St, Lidcombe, NSW, 2141",
      "Suburb": "Lidcombe",
      "State": "NSW",
      "Postcode": "2141"
    },
    {
      "Division": "SUPERMARKETS",
      "Name": "Strathfield",
      "AddressLine1": "Shop 19, Strathfield Plaza, 11 The Boulevard",
      "Suburb": "Strathfield",
      "State": "NSW",
      "Postcode": "2135"
    },
    {
      "Division": "SUPERMARKETS",
      "Name": "Newington",
      "AddressLine1": "1 Avenue Of Americas",
      "Suburb": "Newington",
      "State": "NSW",
      "Postcode": "2127"
    },
    {
      "Division": "SUPERMARKETS",
      "Name": "Wolli Creek",
      "AddressLine1": "78-96 Arncliffe Street",
      "Suburb": "Wolli Creek",
      "State": "NSW",
      "Postcode": "2205"
    },
    {
      "Division": "SUPERMARKETS",
      "Name": "Burwood Plaza",
      "AddressLine1": "Burwood Plaza Shopping Centre, 42-50 Railway Parade",
      "Suburb": "Burwood",
      "State": "NSW",
      "Postcode": "2134"
    },
    {
      "Division": "SUPERMARKETS",
      "Name": "Burwood",
      "AddressLine1": "Shop 6, Level 3, Westfield Shopping Centre, 100 Burwood Road",
      "Suburb": "Burwood",
      "State": "NSW",
      "Postcode": "2134"
    },
    {
      "Division": "SUPERMARKETS",
      "Name": "Marrickville",
      "AddressLine1": "463 Illawarra Road",
      "Suburb": "Marrickville",
      "State": "NSW",
      "Postcode": "2204"
    },
    {
      "Division": "SUPERMARKETS",
      "Name": "North Strathfield (Metro)",
      "AddressLine1": "145 Concord Road",
      "Suburb": "North Strathfield",
      "State": "NSW",
      "Postcode": "2137"
    },
    {
      "Division": "SUPERMARKETS",
      "Name": "Ashfield",
      "AddressLine1": "260A Liverpool Road",
      "Suburb": "Ashfield",
      "State": "NSW",
      "Postcode": "2131"
    },
    {
      "Division": "SUPERMARKETS",
      "Name": "Illawarra Rd Metro",
      "AddressLine1": "258 Illawarra Rd, Marrickville",
      "Suburb": "Marrickville",
      "State": "NSW",
      "Postcode": "2204"
    },
    {
      "Division": "SUPERMARKETS",
      "Name": "Ashfield North",
      "AddressLine1": "202-242 Parramatta Road",
      "Suburb": "Ashfield",
      "State": "NSW",
      "Postcode": "2131"
    },
    {
      "Division": "SUPERMARKETS",
      "Name": "Mascot",
      "AddressLine1": "55 Church Avenue",
      "Suburb": "Mascot",
      "State": "NSW",
      "Postcode": "2020"
    },
    {
      "Division": "SUPERMARKETS",
      "Name": "Marrickville Metro",
      "AddressLine1": "Marrickville Shopping Centre, 34 Victoria Road",
      "Suburb": "Marrickville",
      "State": "NSW",
      "Postcode": "2204"
    },
    {
      "Division": "SUPERMARKETS",
      "Name": "Leichhardt Marketplace",
      "AddressLine1": "Leichhardt Market Place, 100/122-138 Flood Street",
      "Suburb": "Leichhardt",
      "State": "NSW",
      "Postcode": "2040"
    },
    {
      "Division": "SUPERMARKETS",
      "Name": "Matraville",
      "AddressLine1": "Bunnerong Road and Daunt Ave",
      "Suburb": "Matraville",
      "State": "NSW",
      "Postcode": "2036"
    },
    {
      "Division": "SUPERMARKETS",
      "Name": "Hillsdale",
      "AddressLine1": "South Point Shopping Centre, 238-262 Bunnerong Road",
      "Suburb": "Hillsdale",
      "State": "NSW",
      "Postcode": "2036"
    },
    {
      "Division": "SUPERMARKETS",
      "Name": "Eastgardens",
      "AddressLine1": "Eastgardens Shopping Centre, 152 Bunnerong Road",
      "Suburb": "Pagewood",
      "State": "NSW",
      "Postcode": "2036"
    },
    {
      "Division": "SUPERMARKETS",
      "Name": "Erskineville (Metro)",
      "AddressLine1": "21-23 Erskineville Road",
      "Suburb": "Newtown",
      "State": "NSW",
      "Postcode": "2042"
    },
    {
      "Division": "SUPERMARKETS",
      "Name": "Park Sydney (Metro)",
      "AddressLine1": "57 Ashmore Street, Erskineville Park",
      "Suburb": "Erskineville Park",
      "State": "NSW",
      "Postcode": "2043"
    },
    {
      "Division": "SUPERMARKETS",
      "Name": "Eastlakes Metro",
      "AddressLine1": "The Grand Eastlakes, Shop 02, 16 Evans Avenue, Eastlakes, NSW, 2018",
      "Suburb": "Eastlakes",
      "State": "NSW",
      "Postcode": "2018"
    },
    {
      "Division": "SUPERMARKETS",
      "Name": "Alexandria (Metro)",
      "AddressLine1": "10 Fountain St",
      "Suburb": "Alexandria",
      "State": "NSW",
      "Postcode": "2015"
    },
    {
      "Division": "SUPERMARKETS",
      "Name": "Rosebery Metro",
      "AddressLine1": "32 Confectioners way,  Rosebery",
      "Suburb": "Rosebery",
      "State": "NSW",
      "Postcode": "2018"
    },
    {
      "Division": "SUPERMARKETS",
      "Name": "Green Square (Metro)",
      "AddressLine1": "20 - 26 Ebsworth Street",
      "Suburb": "Zetland",
      "State": "NSW",
      "Postcode": "2017"
    },
    {
      "Division": "SUPERMARKETS",
      "Name": "Maroubra Beach Metro",
      "AddressLine1": "Maroubra Shopping Village, 3 Meagher Avenue",
      "Suburb": "Maroubra",
      "State": "NSW",
      "Postcode": "2035"
    },
    {
      "Division": "SUPERMARKETS",
      "Name": "Redfern Station (Metro)",
      "AddressLine1": "1 Lawson Square",
      "Suburb": "Redfern",
      "State": "NSW",
      "Postcode": "2016"
    },
    {
      "Division": "SUPERMARKETS",
      "Name": "Rozelle Metro",
      "AddressLine1": "605 Darling St",
      "Suburb": "Rozelle",
      "State": "NSW",
      "Postcode": "2039"
    },
    {
      "Division": "SUPERMARKETS",
      "Name": "Redfern",
      "AddressLine1": "261-265 Chalmers Street",
      "Suburb": "Redfern",
      "State": "NSW",
      "Postcode": "2016"
    },
    {
      "Division": "SUPERMARKETS",
      "Name": "Central Park (Metro)",
      "AddressLine1": "26-60 Broadway",
      "Suburb": "Chippendale",
      "State": "NSW",
      "Postcode": "2008"
    },
    {
      "Division": "SUPERMARKETS",
      "Name": "Haymarket Metro",
      "AddressLine1": "61-79 Quay Street",
      "Suburb": "Haymarket",
      "State": "NSW",
      "Postcode": "2000"
    },
    {
      "Division": "SUPERMARKETS",
      "Name": "Pyrmont (Metro)",
      "AddressLine1": "63 Miller Street",
      "Suburb": "Pyrmont",
      "State": "NSW",
      "Postcode": "2009"
    },
    {
      "Division": "SUPERMARKETS",
      "Name": "Balmain (Metro)",
      "AddressLine1": "276 Darling St",
      "Suburb": "Balmain",
      "State": "NSW",
      "Postcode": "2041"
    },
    {
      "Division": "SUPERMARKETS",
      "Name": "Central (Metro)",
      "AddressLine1": "302-306 Elizabeth Street",
      "Suburb": "Surry Hills",
      "State": "NSW",
      "Postcode": "2010"
    },
    {
      "Division": "SUPERMARKETS",
      "Name": "Randwick Metro",
      "AddressLine1": "73 Belmore Road",
      "Suburb": "Randwick",
      "State": "NSW",
      "Postcode": "2031"
    },
    {
      "Division": "SUPERMARKETS",
      "Name": "Surry Hills (Metro)",
      "AddressLine1": "437 Bourke Street",
      "Suburb": "Surry Hills",
      "State": "NSW",
      "Postcode": "2010"
    },
    {
      "Division": "SUPERMARKETS",
      "Name": "Town Hall",
      "AddressLine1": "Cnr Park & George Street",
      "Suburb": "Sydney",
      "State": "NSW",
      "Postcode": "2000"
    },
    {
      "Division": "SUPERMARKETS",
      "Name": "Coogee Metro",
      "AddressLine1": "Coogee Bay Village, 184-196 Coogee Bay Road",
      "Suburb": "Coogee",
      "State": "NSW",
      "Postcode": "2034"
    },
    {
      "Division": "SUPERMARKETS",
      "Name": "Barangaroo Metro",
      "AddressLine1": "Shop 20/300 Barangaroo Ave",
      "Suburb": "Barangaroo",
      "State": "NSW",
      "Postcode": "2000"
    },
    {
      "Division": "SUPERMARKETS",
      "Name": "Pitt St Mall (Metro)",
      "AddressLine1": "400 George St",
      "Suburb": "Sydney",
      "State": "NSW",
      "Postcode": "2000"
    },
    {
      "Division": "SUPERMARKETS",
      "Name": "Sydney Metcentre (Metro)",
      "AddressLine1": "60 Margaret Street",
      "Suburb": "Sydney",
      "State": "NSW",
      "Postcode": "2000"
    },
    {
      "Division": "SUPERMARKETS",
      "Name": "Woolloomooloo (Metro)",
      "AddressLine1": "75 Crown Street",
      "Suburb": "Woolloomooloo",
      "State": "NSW",
      "Postcode": "2011"
    },
    {
      "Division": "SUPERMARKETS",
      "Name": "Paddington (Metro)",
      "AddressLine1": "220 Glenmore Rd",
      "Suburb": "Paddington",
      "State": "NSW",
      "Postcode": "2021"
    },
    {
      "Division": "SUPERMARKETS",
      "Name": "Kings Cross Metro",
      "AddressLine1": "111-139 Darlinghurst Rd",
      "Suburb": "Potts Point",
      "State": "NSW",
      "Postcode": "2011"
    },
    {
      "Division": "SUPERMARKETS",
      "Name": "Potts Point (Metro)",
      "AddressLine1": "Icon Building, 81 Macleay Street",
      "Suburb": "Potts Point",
      "State": "NSW",
      "Postcode": "2011"
    },
    {
      "Division": "SUPERMARKETS",
      "Name": "Bronte Metro",
      "AddressLine1": "113 Macpherson St",
      "Suburb": "Bronte",
      "State": "NSW",
      "Postcode": "2024"
    },
    {
      "Division": "SUPERMARKETS",
      "Name": "Bondi Junction",
      "AddressLine1": "Westfield Shopping Centre, 530 Oxford Street",
      "Suburb": "Bondi Junction",
      "State": "NSW",
      "Postcode": "2022"
    },
    {
      "Division": "SUPERMARKETS",
      "Name": "Double Bay",
      "AddressLine1": "Kiaora Lane and Kiaora Road",
      "Suburb": "Double Bay",
      "State": "NSW",
      "Postcode": "2028"
    },
    {
      "Division": "SUPERMARKETS",
      "Name": "Bondi Road (Metro)",
      "AddressLine1": "137-147 Bondi Rd, Bondi NSW 2026",
      "Suburb": "Bondi Beach",
      "State": "NSW",
      "Postcode": "2026"
    },
    {
      "Division": "SUPERMARKETS",
      "Name": "Bondi Beach (Metro)",
      "AddressLine1": "184 Campbell Parade",
      "Suburb": "Bondi Beach",
      "State": "NSW",
      "Postcode": "2026"
    },
    {
      "Division": "SUPERMARKETS",
      "Name": "Rose Bay - Direct to Boot Only",
      "AddressLine1": "488 Old South Head Road",
      "Suburb": "Rose Bay",
      "State": "NSW",
      "Postcode": "2029"
    },
    {
      "Division": "SUPERMARKETS",
      "Name": "Broken Hill",
      "AddressLine1": "Westside Plaza, 7 Galena Street",
      "Suburb": "Broken Hill",
      "State": "NSW",
      "Postcode": "2880"
    }
  ]
}