{
    "metadata": {
        "number_of_stores": 114,
        "company": "coles",
        "state": "WA",
        "date_scraped": "2025-08-07"
    },
    "stores": [
        {
            "id": "LQR:3364",
            "name": "Liquorland Albany",
            "phone": "(08) 6157 5717",
            "isTrading": true,
            "address": {
                "state": "WA",
                "suburb": "Albany",
                "addressLine": "38 Albany Highway",
                "postcode": "6330"
            },
            "position": {
                "latitude": -35.019682,
                "longitude": 117.882324
            },
            "brand": {
                "name": "Liquorland",
                "storeFinderId": 3,
                "id": "LQR"
            }
        },
        {
            "id": "LQR:2953",
            "name": "Liquorland Albany - Orana",
            "phone": "(08) 6819 7180",
            "isTrading": true,
            "address": {
                "state": "WA",
                "suburb": "Orana",
                "addressLine": "463-475 Albany Highway",
                "postcode": "6330"
            },
            "position": {
                "latitude": -34.99309,
                "longitude": 117.856255
            },
            "brand": {
                "name": "Liquorland",
                "storeFinderId": 3,
                "id": "LQR"
            }
        },
        {
            "id": "LQR:2991",
            "name": "Liquorland Margaret River",
            "phone": "(08) 6115 6456",
            "isTrading": true,
            "address": {
                "state": "WA",
                "suburb": "Margaret River",
                "addressLine": "132 Bussell Highway",
                "postcode": "6285"
            },
            "position": {
                "latitude": -33.95149,
                "longitude": 115.073143
            },
            "brand": {
                "name": "Liquorland",
                "storeFinderId": 3,
                "id": "LQR"
            }
        },
        {
            "id": "LQR:2444",
            "name": "Liquorland Vasse",
            "phone": "(08) 9730 1880",
            "isTrading": true,
            "address": {
                "state": "WA",
                "suburb": "Vasse",
                "addressLine": "18 Napoleon Promenade",
                "postcode": "6280"
            },
            "position": {
                "latitude": -33.673751,
                "longitude": 115.249742
            },
            "brand": {
                "name": "Liquorland",
                "storeFinderId": 3,
                "id": "LQR"
            }
        },
        {
            "id": "LQR:2939",
            "name": "Liquorland Dunsborough",
            "phone": "(08) 9730 1480",
            "isTrading": true,
            "address": {
                "state": "WA",
                "suburb": "Dunsborough",
                "addressLine": "55 Dunn Bay Road",
                "postcode": "6281"
            },
            "position": {
                "latitude": -33.615951,
                "longitude": 115.105295
            },
            "brand": {
                "name": "Liquorland",
                "storeFinderId": 3,
                "id": "LQR"
            }
        },
        {
            "id": "LQR:2494",
            "name": "Liquorland Busselton",
            "phone": "(08) 6247 6480",
            "isTrading": true,
            "address": {
                "state": "WA",
                "suburb": "Busselton",
                "addressLine": "Shop 19 30 Kent St",
                "postcode": "6280"
            },
            "position": {
                "latitude": -33.651227,
                "longitude": 115.342005
            },
            "brand": {
                "name": "Liquorland",
                "storeFinderId": 3,
                "id": "LQR"
            }
        },
        {
            "id": "LQR:3219",
            "name": "Liquorland Bunbury",
            "phone": "(08) 6115 6406",
            "isTrading": true,
            "address": {
                "state": "WA",
                "suburb": "Bunbury",
                "addressLine": "60 Blair Street",
                "postcode": "6230"
            },
            "position": {
                "latitude": -33.325818,
                "longitude": 115.640502
            },
            "brand": {
                "name": "Liquorland",
                "storeFinderId": 3,
                "id": "LQR"
            }
        },
        {
            "id": "LQR:2972",
            "name": "Liquorland Eaton",
            "phone": "(08) 9724 3480",
            "isTrading": true,
            "address": {
                "state": "WA",
                "suburb": "Eaton",
                "addressLine": "2 Recreation Drive",
                "postcode": "6232"
            },
            "position": {
                "latitude": -33.318635,
                "longitude": 115.716424
            },
            "brand": {
                "name": "Liquorland",
                "storeFinderId": 3,
                "id": "LQR"
            }
        },
        {
            "id": "LQR:3254",
            "name": "Liquorland Australind",
            "phone": "(08) 6115 6407",
            "isTrading": true,
            "address": {
                "state": "WA",
                "suburb": "Australind",
                "addressLine": "299 Old Coast Road",
                "postcode": "6233"
            },
            "position": {
                "latitude": -33.279545,
                "longitude": 115.714852
            },
            "brand": {
                "name": "Liquorland",
                "storeFinderId": 3,
                "id": "LQR"
            }
        },
        {
            "id": "LQR:3390",
            "name": "Liquorland Collie",
            "phone": "(08) 6115 6409",
            "isTrading": true,
            "address": {
                "state": "WA",
                "suburb": "Collie",
                "addressLine": "102-110 Forrest Street",
                "postcode": "6225"
            },
            "position": {
                "latitude": -33.357864,
                "longitude": 116.152023
            },
            "brand": {
                "name": "Liquorland",
                "storeFinderId": 3,
                "id": "LQR"
            }
        },
        {
            "id": "LQR:3257",
            "name": "Liquorland Collie Boulevard",
            "phone": "(08) 6115 6408",
            "isTrading": true,
            "address": {
                "state": "WA",
                "suburb": "Collie",
                "addressLine": "25 Johnston Street",
                "postcode": "6225"
            },
            "position": {
                "latitude": -33.358121,
                "longitude": 116.154686
            },
            "brand": {
                "name": "Liquorland",
                "storeFinderId": 3,
                "id": "LQR"
            }
        },
        {
            "id": "LQR:2843",
            "name": "Liquorland Florida Beach",
            "phone": "(08) 9587 5980",
            "isTrading": true,
            "address": {
                "state": "WA",
                "suburb": "Dawesville",
                "addressLine": "71 Dandaragan Drive",
                "postcode": "6211"
            },
            "position": {
                "latitude": -32.629054,
                "longitude": 115.62968
            },
            "brand": {
                "name": "Liquorland",
                "storeFinderId": 3,
                "id": "LQR"
            }
        },
        {
            "id": "LQR:2987",
            "name": "Liquorland Pinjarra",
            "phone": "(08) 6115 6411",
            "isTrading": true,
            "address": {
                "state": "WA",
                "suburb": "Pinjarra",
                "addressLine": "21 George Street",
                "postcode": "6208"
            },
            "position": {
                "latitude": -32.62873,
                "longitude": 115.873712
            },
            "brand": {
                "name": "Liquorland",
                "storeFinderId": 3,
                "id": "LQR"
            }
        },
        {
            "id": "LQR:2309",
            "name": "Liquorland Falcon",
            "phone": "(08) 9537 4200",
            "isTrading": true,
            "address": {
                "state": "WA",
                "suburb": "Falcon",
                "addressLine": "633 Old Coast Road",
                "postcode": "6210"
            },
            "position": {
                "latitude": -32.582916,
                "longitude": 115.660726
            },
            "brand": {
                "name": "Liquorland",
                "storeFinderId": 3,
                "id": "LQR"
            }
        },
        {
            "id": "LQR:2486",
            "name": "Liquorland Erskine",
            "phone": "(08) 6115 6410",
            "isTrading": true,
            "address": {
                "state": "WA",
                "suburb": "Erskine",
                "addressLine": "36 Wattleglen Avenue",
                "postcode": "6210"
            },
            "position": {
                "latitude": -32.561026,
                "longitude": 115.688666
            },
            "brand": {
                "name": "Liquorland",
                "storeFinderId": 3,
                "id": "LQR"
            }
        },
        {
            "id": "LQR:2425",
            "name": "Liquorland Halls Head",
            "phone": "(08) 9586 5180",
            "isTrading": true,
            "address": {
                "state": "WA",
                "suburb": "Halls Head",
                "addressLine": "14 Guava Way",
                "postcode": "6210"
            },
            "position": {
                "latitude": -32.548663,
                "longitude": 115.702756
            },
            "brand": {
                "name": "Liquorland",
                "storeFinderId": 3,
                "id": "LQR"
            }
        },
        {
            "id": "LQR:2430",
            "name": "Liquorland Mandurah Forum",
            "phone": "(08) 9587 5480",
            "isTrading": true,
            "address": {
                "state": "WA",
                "suburb": "Mandurah",
                "addressLine": "330 Pinjarra Road",
                "postcode": "6210"
            },
            "position": {
                "latitude": -32.535527,
                "longitude": 115.743996
            },
            "brand": {
                "name": "Liquorland",
                "storeFinderId": 3,
                "id": "LQR"
            }
        },
        {
            "id": "LQR:3266",
            "name": "Liquorland Meadow Springs",
            "phone": "(08) 6115 6412",
            "isTrading": true,
            "address": {
                "state": "WA",
                "suburb": "Meadow Springs",
                "addressLine": "25 Meadow Springs Drive",
                "postcode": "6210"
            },
            "position": {
                "latitude": -32.493455,
                "longitude": 115.746849
            },
            "brand": {
                "name": "Liquorland",
                "storeFinderId": 3,
                "id": "LQR"
            }
        },
        {
            "id": "LQR:2441",
            "name": "Liquorland Lakelands",
            "phone": "(08) 9587 5580",
            "isTrading": true,
            "address": {
                "state": "WA",
                "suburb": "Lakelands",
                "addressLine": "49 Banksiadale Gate",
                "postcode": "6180"
            },
            "position": {
                "latitude": -32.470234,
                "longitude": 115.760763
            },
            "brand": {
                "name": "Liquorland",
                "storeFinderId": 3,
                "id": "LQR"
            }
        },
        {
            "id": "LQR:2417",
            "name": "Liquorland Secret Harbour",
            "phone": "(08) 9557 2580",
            "isTrading": true,
            "address": {
                "state": "WA",
                "suburb": "Secret Harbour",
                "addressLine": "420 Secret Harbour Boulevard",
                "postcode": "6173"
            },
            "position": {
                "latitude": -32.407079,
                "longitude": 115.757991
            },
            "brand": {
                "name": "Liquorland",
                "storeFinderId": 3,
                "id": "LQR"
            }
        },
        {
            "id": "LQR:3293",
            "name": "Liquorland Port Kennedy",
            "phone": "(08) 6157 5714",
            "isTrading": true,
            "address": {
                "state": "WA",
                "suburb": "Port Kennedy",
                "addressLine": "49 Chelmsford Avenue",
                "postcode": "6172"
            },
            "position": {
                "latitude": -32.353006,
                "longitude": 115.755321
            },
            "brand": {
                "name": "Liquorland",
                "storeFinderId": 3,
                "id": "LQR"
            }
        },
        {
            "id": "LQR:3296",
            "name": "Liquorland Warnbro",
            "phone": "(08) 6115 6468",
            "isTrading": true,
            "address": {
                "state": "WA",
                "suburb": "Warnbro",
                "addressLine": "204 Warnbro Sound Avenue",
                "postcode": "6169"
            },
            "position": {
                "latitude": -32.345637,
                "longitude": 115.761523
            },
            "brand": {
                "name": "Liquorland",
                "storeFinderId": 3,
                "id": "LQR"
            }
        },
        {
            "id": "LQR:2971",
            "name": "Liquorland Baldivis (coles)",
            "phone": "(08) 9523 3080",
            "isTrading": true,
            "address": {
                "state": "WA",
                "suburb": "Baldivis",
                "addressLine": "20 Settlers Avenue",
                "postcode": "6171"
            },
            "position": {
                "latitude": -32.333382,
                "longitude": 115.814912
            },
            "brand": {
                "name": "Liquorland",
                "storeFinderId": 3,
                "id": "LQR"
            }
        },
        {
            "id": "LQR:5105",
            "name": "Liquorland Esperance",
            "phone": "(08) 6157 5715",
            "isTrading": true,
            "address": {
                "state": "WA",
                "suburb": "Esperance",
                "addressLine": "86 Pink Lake Road",
                "postcode": "6450"
            },
            "position": {
                "latitude": -33.861563,
                "longitude": 121.886221
            },
            "brand": {
                "name": "Liquorland",
                "storeFinderId": 3,
                "id": "LQR"
            }
        },
        {
            "id": "LQR:2432",
            "name": "Liquorland Byford",
            "phone": "(08) 9532 0980",
            "isTrading": true,
            "address": {
                "state": "WA",
                "suburb": "Byford",
                "addressLine": "20 Abernethy Road",
                "postcode": "6122"
            },
            "position": {
                "latitude": -32.220426,
                "longitude": 116.006227
            },
            "brand": {
                "name": "Liquorland",
                "storeFinderId": 3,
                "id": "LQR"
            }
        },
        {
            "id": "LQR:5111",
            "name": "Liquorland Boulder",
            "phone": "(08) 6157 5716",
            "isTrading": true,
            "address": {
                "state": "WA",
                "suburb": "Boulder",
                "addressLine": "40 Federal Road",
                "postcode": "6432"
            },
            "position": {
                "latitude": -30.762094,
                "longitude": 121.486903
            },
            "brand": {
                "name": "Liquorland",
                "storeFinderId": 3,
                "id": "LQR"
            }
        },
        {
            "id": "LQR:3241",
            "name": "Liquorland Kalgoorlie - Brookman",
            "phone": "(08) 6157 5706",
            "isTrading": true,
            "address": {
                "state": "WA",
                "suburb": "Kalgoorlie",
                "addressLine": "90 Brookman Street",
                "postcode": "6430"
            },
            "position": {
                "latitude": -30.747785,
                "longitude": 121.470005
            },
            "brand": {
                "name": "Liquorland",
                "storeFinderId": 3,
                "id": "LQR"
            }
        },
        {
            "id": "LQR:3250",
            "name": "Liquorland Kalgoorlie - Hannans",
            "phone": "(08) 6157 5708",
            "isTrading": true,
            "address": {
                "state": "WA",
                "suburb": "Kalgoorlie",
                "addressLine": "89 Graeme Street",
                "postcode": "6430"
            },
            "position": {
                "latitude": -30.730966,
                "longitude": 121.454389
            },
            "brand": {
                "name": "Liquorland",
                "storeFinderId": 3,
                "id": "LQR"
            }
        },
        {
            "id": "LQR:3407",
            "name": "Liquorland Kwinana Hub",
            "phone": "(08) 6115 6416",
            "isTrading": true,
            "address": {
                "state": "WA",
                "suburb": "Kwinana",
                "addressLine": "4 Chisham Avenue",
                "postcode": "6167"
            },
            "position": {
                "latitude": -32.245293,
                "longitude": 115.813822
            },
            "brand": {
                "name": "Liquorland",
                "storeFinderId": 3,
                "id": "LQR"
            }
        },
        {
            "id": "LQR:3343",
            "name": "Liquorland Armadale",
            "phone": "(08) 6115 6453",
            "isTrading": true,
            "address": {
                "state": "WA",
                "suburb": "Armadale",
                "addressLine": "Jull Street",
                "postcode": "6112"
            },
            "position": {
                "latitude": -32.152802,
                "longitude": 116.015535
            },
            "brand": {
                "name": "Liquorland",
                "storeFinderId": 3,
                "id": "LQR"
            }
        },
        {
            "id": "LQR:3209",
            "name": "Liquorland Kelmscott",
            "phone": "(08) 6115 6421",
            "isTrading": true,
            "address": {
                "state": "WA",
                "suburb": "Kelmscott",
                "addressLine": "42 River Road",
                "postcode": "6111"
            },
            "position": {
                "latitude": -32.123615,
                "longitude": 116.020534
            },
            "brand": {
                "name": "Liquorland",
                "storeFinderId": 3,
                "id": "LQR"
            }
        },
        {
            "id": "LQR:3273",
            "name": "Liquorland North Armadale",
            "phone": "(08) 6115 6419",
            "isTrading": true,
            "address": {
                "state": "WA",
                "suburb": "Armadale",
                "addressLine": "82 Champion Drive",
                "postcode": "6112"
            },
            "position": {
                "latitude": -32.131057,
                "longitude": 116.001294
            },
            "brand": {
                "name": "Liquorland",
                "storeFinderId": 3,
                "id": "LQR"
            }
        },
        {
            "id": "LQR:3916",
            "name": "Liquorland Mundaring",
            "phone": "(08) 6115 6439",
            "isTrading": true,
            "address": {
                "state": "WA",
                "suburb": "Mundaring",
                "addressLine": "7295 Great Eastern Highway",
                "postcode": "6073"
            },
            "position": {
                "latitude": -31.901739,
                "longitude": 116.167275
            },
            "brand": {
                "name": "Liquorland",
                "storeFinderId": 3,
                "id": "LQR"
            }
        },
        {
            "id": "LQR:2982",
            "name": "Liquorland Beeliar",
            "phone": "(08) 6595 5380",
            "isTrading": true,
            "address": {
                "state": "WA",
                "suburb": "Beeliar",
                "addressLine": "8 Durnin Avenue",
                "postcode": "6164"
            },
            "position": {
                "latitude": -32.12802,
                "longitude": 115.79784
            },
            "brand": {
                "name": "Liquorland",
                "storeFinderId": 3,
                "id": "LQR"
            }
        },
        {
            "id": "LQR:3245",
            "name": "Liquorland Spearwood",
            "phone": "(08) 6115 6443",
            "isTrading": true,
            "address": {
                "state": "WA",
                "suburb": "Spearwood",
                "addressLine": "226 Rockingham Road",
                "postcode": "6163"
            },
            "position": {
                "latitude": -32.093476,
                "longitude": 115.783028
            },
            "brand": {
                "name": "Liquorland",
                "storeFinderId": 3,
                "id": "LQR"
            }
        },
        {
            "id": "LQR:3203",
            "name": "Liquorland South Fremantle",
            "phone": "(08) 6115 6422",
            "isTrading": true,
            "address": {
                "state": "WA",
                "suburb": "South Fremantle",
                "addressLine": "219 Hampton Road",
                "postcode": "6162"
            },
            "position": {
                "latitude": -32.074603,
                "longitude": 115.76029
            },
            "brand": {
                "name": "Liquorland",
                "storeFinderId": 3,
                "id": "LQR"
            }
        },
        {
            "id": "LQR:3235",
            "name": "Liquorland Gosnells",
            "phone": "(08) 6115 6446",
            "isTrading": true,
            "address": {
                "state": "WA",
                "suburb": "Gosnells",
                "addressLine": "2165 Albany Highway",
                "postcode": "6110"
            },
            "position": {
                "latitude": -32.06903,
                "longitude": 115.999167
            },
            "brand": {
                "name": "Liquorland",
                "storeFinderId": 3,
                "id": "LQR"
            }
        },
        {
            "id": "LQR:3206",
            "name": "Liquorland Kalamunda",
            "phone": "(08) 6115 6440",
            "isTrading": true,
            "address": {
                "state": "WA",
                "suburb": "Kalamunda",
                "addressLine": "38 Haynes Street",
                "postcode": "6076"
            },
            "position": {
                "latitude": -31.971322,
                "longitude": 116.057175
            },
            "brand": {
                "name": "Liquorland",
                "storeFinderId": 3,
                "id": "LQR"
            }
        },
        {
            "id": "LQR:3201",
            "name": "Liquorland Forrestfield",
            "phone": "(08) 6115 6444",
            "isTrading": true,
            "address": {
                "state": "WA",
                "suburb": "Forrestfield",
                "addressLine": "21 Anderson Street",
                "postcode": "6058"
            },
            "position": {
                "latitude": -31.98658,
                "longitude": 116.017307
            },
            "brand": {
                "name": "Liquorland",
                "storeFinderId": 3,
                "id": "LQR"
            }
        },
        {
            "id": "LQR:3280",
            "name": "Liquorland Southern River",
            "phone": "(08) 6115 6420",
            "isTrading": true,
            "address": {
                "state": "WA",
                "suburb": "Southern River",
                "addressLine": "714 Ranford Road",
                "postcode": "6220"
            },
            "position": {
                "latitude": -32.105984,
                "longitude": 115.937779
            },
            "brand": {
                "name": "Liquorland",
                "storeFinderId": 3,
                "id": "LQR"
            }
        },
        {
            "id": "LQR:3215",
            "name": "Liquorland Thornlie",
            "phone": "(08) 6115 6459",
            "isTrading": true,
            "address": {
                "state": "WA",
                "suburb": "Thornlie",
                "addressLine": "318 Spencer Road",
                "postcode": "6108"
            },
            "position": {
                "latitude": -32.055723,
                "longitude": 115.963553
            },
            "brand": {
                "name": "Liquorland",
                "storeFinderId": 3,
                "id": "LQR"
            }
        },
        {
            "id": "LQR:3212",
            "name": "Liquorland Swan View",
            "phone": "(08) 6157 5702",
            "isTrading": true,
            "address": {
                "state": "WA",
                "suburb": "Swan View",
                "addressLine": "Corner Weld Road And Morrison Road",
                "postcode": "6056"
            },
            "position": {
                "latitude": -31.885544,
                "longitude": 116.041932
            },
            "brand": {
                "name": "Liquorland",
                "storeFinderId": 3,
                "id": "LQR"
            }
        },
        {
            "id": "LQR:3244",
            "name": "Liquorland Stratton",
            "phone": "(08) 6115 6403",
            "isTrading": true,
            "address": {
                "state": "WA",
                "suburb": "Stratton",
                "addressLine": "3 Jecks Place",
                "postcode": "6065"
            },
            "position": {
                "latitude": -31.869487,
                "longitude": 116.034169
            },
            "brand": {
                "name": "Liquorland",
                "storeFinderId": 3,
                "id": "LQR"
            }
        },
        {
            "id": "LQR:2472",
            "name": "Liquorland Midland (coles)",
            "phone": "(08) 6247 0180",
            "isTrading": true,
            "address": {
                "state": "WA",
                "suburb": "Midland",
                "addressLine": "274 Great Eastern Hwy",
                "postcode": "6056"
            },
            "position": {
                "latitude": -31.889472,
                "longitude": 116.012183
            },
            "brand": {
                "name": "Liquorland",
                "storeFinderId": 3,
                "id": "LQR"
            }
        },
        {
            "id": "LQR:2400",
            "name": "Liquorland Fremantle",
            "phone": "((0) ) 6232 20",
            "isTrading": true,
            "address": {
                "state": "WA",
                "suburb": "Fremantle",
                "addressLine": "28 Cantonment St",
                "postcode": "6160"
            },
            "position": {
                "latitude": -32.051996,
                "longitude": 115.747099
            },
            "brand": {
                "name": "Liquorland",
                "storeFinderId": 3,
                "id": "LQR"
            }
        },
        {
            "id": "LQR:3216",
            "name": "Liquorland Carousel",
            "phone": "(08) 6115 6460",
            "isTrading": true,
            "address": {
                "state": "WA",
                "suburb": "Cannington",
                "addressLine": "1382 Albany Highway",
                "postcode": "6107"
            },
            "position": {
                "latitude": -32.018752,
                "longitude": 115.936548
            },
            "brand": {
                "name": "Liquorland",
                "storeFinderId": 3,
                "id": "LQR"
            }
        },
        {
            "id": "LQR:3200",
            "name": "Liquorland Cloverdale",
            "phone": "(08) 6115 6430",
            "isTrading": true,
            "address": {
                "state": "WA",
                "suburb": "Cloverdale",
                "addressLine": "377b Belgravia Street",
                "postcode": "6105"
            },
            "position": {
                "latitude": -31.962553,
                "longitude": 115.945014
            },
            "brand": {
                "name": "Liquorland",
                "storeFinderId": 3,
                "id": "LQR"
            }
        },
        {
            "id": "LQR:2986",
            "name": "Liquorland North Fremantle",
            "phone": "(08) 6115 6404",
            "isTrading": true,
            "address": {
                "state": "WA",
                "suburb": "North Fremantle",
                "addressLine": "90 Stirling Highway",
                "postcode": "6159"
            },
            "position": {
                "latitude": -32.0312,
                "longitude": 115.753037
            },
            "brand": {
                "name": "Liquorland",
                "storeFinderId": 3,
                "id": "LQR"
            }
        },
        {
            "id": "LQR:2855",
            "name": "Liquorland Hilton",
            "phone": "(08) 6185 6880",
            "isTrading": true,
            "address": {
                "state": "WA",
                "suburb": "Hilton",
                "addressLine": "285 South Street",
                "postcode": "6163"
            },
            "position": {
                "latitude": -32.063682,
                "longitude": 115.781657
            },
            "brand": {
                "name": "Liquorland",
                "storeFinderId": 3,
                "id": "LQR"
            }
        },
        {
            "id": "LQR:2413",
            "name": "Liquorland Cockburn Gateway",
            "phone": "(08) 9494 3180",
            "isTrading": true,
            "address": {
                "state": "WA",
                "suburb": "Success",
                "addressLine": "816 Beeliar Drive",
                "postcode": "6164"
            },
            "position": {
                "latitude": -32.131746,
                "longitude": 115.856529
            },
            "brand": {
                "name": "Liquorland",
                "storeFinderId": 3,
                "id": "LQR"
            }
        },
        {
            "id": "LQR:2423",
            "name": "Liquorland South Lake",
            "phone": "(08) 6399 4680",
            "isTrading": true,
            "address": {
                "state": "WA",
                "suburb": "South Lake",
                "addressLine": "620 N Lake Road",
                "postcode": "6164"
            },
            "position": {
                "latitude": -32.106937,
                "longitude": 115.827303
            },
            "brand": {
                "name": "Liquorland",
                "storeFinderId": 3,
                "id": "LQR"
            }
        },
        {
            "id": "LQR:2443",
            "name": "Liquorland Belmont",
            "phone": "(08) 6247 6680",
            "isTrading": true,
            "address": {
                "state": "WA",
                "suburb": "Cloverdale",
                "addressLine": "227 Belmont Avenue",
                "postcode": "6105"
            },
            "position": {
                "latitude": -31.965462,
                "longitude": 115.934394
            },
            "brand": {
                "name": "Liquorland",
                "storeFinderId": 3,
                "id": "LQR"
            }
        },
        {
            "id": "LQR:2890",
            "name": "Liquorland Caversham",
            "phone": "(08) 6165 5980",
            "isTrading": true,
            "address": {
                "state": "WA",
                "suburb": "Caversham",
                "addressLine": "175 Suffolk Street",
                "postcode": "6055"
            },
            "position": {
                "latitude": -31.866679,
                "longitude": 115.965993
            },
            "brand": {
                "name": "Liquorland",
                "storeFinderId": 3,
                "id": "LQR"
            }
        },
        {
            "id": "LQR:2297",
            "name": "Liquorland Mosman Park",
            "phone": "(08) 9230 7680",
            "isTrading": true,
            "address": {
                "state": "WA",
                "suburb": "Mosman Park",
                "addressLine": "50 Harvey Street",
                "postcode": "6012"
            },
            "position": {
                "latitude": -32.008696,
                "longitude": 115.761131
            },
            "brand": {
                "name": "Liquorland",
                "storeFinderId": 3,
                "id": "LQR"
            }
        },
        {
            "id": "LQR:3230",
            "name": "Liquorland Cottesloe",
            "phone": "(08) 6115 6451",
            "isTrading": true,
            "address": {
                "state": "WA",
                "suburb": "Cottesloe",
                "addressLine": "484 Stirling Highway",
                "postcode": "6011"
            },
            "position": {
                "latitude": -31.998983,
                "longitude": 115.762386
            },
            "brand": {
                "name": "Liquorland",
                "storeFinderId": 3,
                "id": "LQR"
            }
        },
        {
            "id": "LQR:2302",
            "name": "Liquorland Claremont",
            "phone": "(08) 6157 5712",
            "isTrading": true,
            "address": {
                "state": "WA",
                "suburb": "Claremont",
                "addressLine": "23 Saint Quentin Avenue",
                "postcode": "6010"
            },
            "position": {
                "latitude": -31.982661,
                "longitude": 115.778598
            },
            "brand": {
                "name": "Liquorland",
                "storeFinderId": 3,
                "id": "LQR"
            }
        },
        {
            "id": "LQR:2469",
            "name": "Liquorland Melville",
            "phone": "(08) 6246 3420",
            "isTrading": true,
            "address": {
                "state": "WA",
                "suburb": "Bicton",
                "addressLine": "388 Canning Highway",
                "postcode": "6157"
            },
            "position": {
                "latitude": -32.034002,
                "longitude": 115.791386
            },
            "brand": {
                "name": "Liquorland",
                "storeFinderId": 3,
                "id": "LQR"
            }
        },
        {
            "id": "LQR:3309",
            "name": "Liquorland Kardinya",
            "phone": "(08) 6115 6424",
            "isTrading": true,
            "address": {
                "state": "WA",
                "suburb": "Kardinya",
                "addressLine": "15 South Street",
                "postcode": "6163"
            },
            "position": {
                "latitude": -32.068258,
                "longitude": 115.815952
            },
            "brand": {
                "name": "Liquorland",
                "storeFinderId": 3,
                "id": "LQR"
            }
        },
        {
            "id": "LQR:2300",
            "name": "Liquorland Dalkeith",
            "phone": "(08) 6115 6462",
            "isTrading": true,
            "address": {
                "state": "WA",
                "suburb": "Dalkeith",
                "addressLine": "79 Waratah Avenue",
                "postcode": "6009"
            },
            "position": {
                "latitude": -31.99476,
                "longitude": 115.797423
            },
            "brand": {
                "name": "Liquorland",
                "storeFinderId": 3,
                "id": "LQR"
            }
        },
        {
            "id": "LQR:3374",
            "name": "Liquorland Booragoon",
            "phone": "((0) ) 6100 20",
            "isTrading": true,
            "address": {
                "state": "WA",
                "suburb": "Booragoon",
                "addressLine": "125 Riseley Street",
                "postcode": "6154"
            },
            "position": {
                "latitude": -32.034338,
                "longitude": 115.834326
            },
            "brand": {
                "name": "Liquorland",
                "storeFinderId": 3,
                "id": "LQR"
            }
        },
        {
            "id": "LQR:2692",
            "name": "Liquorland Bentley Plaza",
            "phone": "(08) 6157 5704",
            "isTrading": true,
            "address": {
                "state": "WA",
                "suburb": "Bentley",
                "addressLine": "1140 Albany Hwy",
                "postcode": "6102"
            },
            "position": {
                "latitude": -32.001751,
                "longitude": 115.919527
            },
            "brand": {
                "name": "Liquorland",
                "storeFinderId": 3,
                "id": "LQR"
            }
        },
        {
            "id": "LQR:2306",
            "name": "Liquorland Bentley Albany Hwy",
            "phone": "(08) 6254 6200",
            "isTrading": true,
            "address": {
                "state": "WA",
                "suburb": "Bentley",
                "addressLine": "1120-1124 Albany Highway",
                "postcode": "6102"
            },
            "position": {
                "latitude": -31.999984,
                "longitude": 115.918007
            },
            "brand": {
                "name": "Liquorland",
                "storeFinderId": 3,
                "id": "LQR"
            }
        },
        {
            "id": "LQR:3358",
            "name": "Liquorland Burrendah",
            "phone": "(08) 6158 5380",
            "isTrading": true,
            "address": {
                "state": "WA",
                "suburb": "Willetton",
                "addressLine": "78 Pinetree Gully Road",
                "postcode": "6155"
            },
            "position": {
                "latitude": -32.057455,
                "longitude": 115.880231
            },
            "brand": {
                "name": "Liquorland",
                "storeFinderId": 3,
                "id": "LQR"
            }
        },
        {
            "id": "LQR:2978",
            "name": "Liquorland Bassendean",
            "phone": "(08) 9261 5180",
            "isTrading": true,
            "address": {
                "state": "WA",
                "suburb": "Bassendean",
                "addressLine": "2 West Road",
                "postcode": "6054"
            },
            "position": {
                "latitude": -31.903206,
                "longitude": 115.952901
            },
            "brand": {
                "name": "Liquorland",
                "storeFinderId": 3,
                "id": "LQR"
            }
        },
        {
            "id": "LQR:2495",
            "name": "Liquorland Whiteman Edge",
            "phone": "(08) 6116 7180",
            "isTrading": true,
            "address": {
                "state": "WA",
                "suburb": "Brabham",
                "addressLine": "100 Everglades Ave",
                "postcode": "6055"
            },
            "position": {
                "latitude": -31.83221,
                "longitude": 115.969084
            },
            "brand": {
                "name": "Liquorland",
                "storeFinderId": 3,
                "id": "LQR"
            }
        },
        {
            "id": "LQR:3311",
            "name": "Liquorland The Promenade - Ellenbrook",
            "phone": "(08) 9297 0180",
            "isTrading": true,
            "address": {
                "state": "WA",
                "suburb": "Ellenbrook",
                "addressLine": "204 The Promenade",
                "postcode": "6069"
            },
            "position": {
                "latitude": -31.782994,
                "longitude": 115.968215
            },
            "brand": {
                "name": "Liquorland",
                "storeFinderId": 3,
                "id": "LQR"
            }
        },
        {
            "id": "LQR:5118",
            "name": "Liquorland Yanchep",
            "phone": "(08) 9595 3480",
            "isTrading": true,
            "address": {
                "state": "WA",
                "suburb": "Yanchep",
                "addressLine": "1 Peony Boulevard",
                "postcode": "6035"
            },
            "position": {
                "latitude": -31.55039,
                "longitude": 115.639279
            },
            "brand": {
                "name": "Liquorland",
                "storeFinderId": 3,
                "id": "LQR"
            }
        },
        {
            "id": "LQR:2448",
            "name": "Liquorland Trinity",
            "phone": "(08) 9554 0220",
            "isTrading": true,
            "address": {
                "state": "WA",
                "suburb": "Alkimos",
                "addressLine": "Corner Marmion Avenue And Santorini Promenade",
                "postcode": "6038"
            },
            "position": {
                "latitude": -31.6279,
                "longitude": 115.69168
            },
            "brand": {
                "name": "Liquorland",
                "storeFinderId": 3,
                "id": "LQR"
            }
        },
        {
            "id": "LQR:2305",
            "name": "Liquorland Clarkson",
            "phone": "(08) 6401 7100",
            "isTrading": true,
            "address": {
                "state": "WA",
                "suburb": "Clarkson",
                "addressLine": "15 Ocean Keys Boulevard",
                "postcode": "6030"
            },
            "position": {
                "latitude": -31.689388,
                "longitude": 115.71627
            },
            "brand": {
                "name": "Liquorland",
                "storeFinderId": 3,
                "id": "LQR"
            }
        },
        {
            "id": "LQR:2970",
            "name": "Liquorland Ocean Keys",
            "phone": "(08) 6402 4880",
            "isTrading": true,
            "address": {
                "state": "WA",
                "suburb": "Clarkson",
                "addressLine": "36 Ocean Keys Boulevard",
                "postcode": "6030"
            },
            "position": {
                "latitude": -31.68975,
                "longitude": 115.717084
            },
            "brand": {
                "name": "Liquorland",
                "storeFinderId": 3,
                "id": "LQR"
            }
        },
        {
            "id": "LQR:3269",
            "name": "Liquorland Merriwa",
            "phone": "(08) 6115 6415",
            "isTrading": true,
            "address": {
                "state": "WA",
                "suburb": "Merriwa",
                "addressLine": "44 Baltimore Parade",
                "postcode": "6030"
            },
            "position": {
                "latitude": -31.669968,
                "longitude": 115.71558
            },
            "brand": {
                "name": "Liquorland",
                "storeFinderId": 3,
                "id": "LQR"
            }
        },
        {
            "id": "LQR:3237",
            "name": "Liquorland Beaumaris",
            "phone": "(08) 6115 6465",
            "isTrading": true,
            "address": {
                "state": "WA",
                "suburb": "Ocean Reef",
                "addressLine": "62 Constellation Drive",
                "postcode": "6027"
            },
            "position": {
                "latitude": -31.751994,
                "longitude": 115.735027
            },
            "brand": {
                "name": "Liquorland",
                "storeFinderId": 3,
                "id": "LQR"
            }
        },
        {
            "id": "LQR:3380",
            "name": "Liquorland Scarborough",
            "phone": "(08) 6157 5703",
            "isTrading": true,
            "address": {
                "state": "WA",
                "suburb": "Scarborough",
                "addressLine": "6 Scarborough Beach Road",
                "postcode": "6019"
            },
            "position": {
                "latitude": -31.89465,
                "longitude": 115.757412
            },
            "brand": {
                "name": "Liquorland",
                "storeFinderId": 3,
                "id": "LQR"
            }
        },
        {
            "id": "LQR:2844",
            "name": "Liquorland Currambine Village",
            "phone": "(08) 6402 4780",
            "isTrading": true,
            "address": {
                "state": "WA",
                "suburb": "Currambine",
                "addressLine": "18 Sunlander Drive",
                "postcode": "6028"
            },
            "position": {
                "latitude": -31.726089,
                "longitude": 115.744934
            },
            "brand": {
                "name": "Liquorland",
                "storeFinderId": 3,
                "id": "LQR"
            }
        },
        {
            "id": "LQR:2296",
            "name": "Liquorland City Beach",
            "phone": "(08) 6115 6447",
            "isTrading": true,
            "address": {
                "state": "WA",
                "suburb": "City Beach",
                "addressLine": "33/31 Gayton Road",
                "postcode": "6015"
            },
            "position": {
                "latitude": -31.926185,
                "longitude": 115.767062
            },
            "brand": {
                "name": "Liquorland",
                "storeFinderId": 3,
                "id": "LQR"
            }
        },
        {
            "id": "LQR:3204",
            "name": "Liquorland Padbury",
            "phone": "(08) 6157 5705",
            "isTrading": true,
            "address": {
                "state": "WA",
                "suburb": "Padbury",
                "addressLine": "11 Warburton Avenue",
                "postcode": "6025"
            },
            "position": {
                "latitude": -31.810772,
                "longitude": 115.766462
            },
            "brand": {
                "name": "Liquorland",
                "storeFinderId": 3,
                "id": "LQR"
            }
        },
        {
            "id": "LQR:3248",
            "name": "Liquorland Beldon",
            "phone": "(08) 6157 5707",
            "isTrading": true,
            "address": {
                "state": "WA",
                "suburb": "Beldon",
                "addressLine": "36 Gwendoline Drive",
                "postcode": "6027"
            },
            "position": {
                "latitude": -31.769829,
                "longitude": 115.765569
            },
            "brand": {
                "name": "Liquorland",
                "storeFinderId": 3,
                "id": "LQR"
            }
        },
        {
            "id": "LQR:3297",
            "name": "Liquorland Joondalup",
            "phone": "(08) 6115 6448",
            "isTrading": true,
            "address": {
                "state": "WA",
                "suburb": "Joondalup",
                "addressLine": "420 Joondalup Drive",
                "postcode": "6027"
            },
            "position": {
                "latitude": -31.742915,
                "longitude": 115.765552
            },
            "brand": {
                "name": "Liquorland",
                "storeFinderId": 3,
                "id": "LQR"
            }
        },
        {
            "id": "LQR:2739",
            "name": "Liquorland Floreat",
            "phone": "(08) 6115 6455",
            "isTrading": true,
            "address": {
                "state": "WA",
                "suburb": "Floreat",
                "addressLine": "1 Howtree Place",
                "postcode": "6014"
            },
            "position": {
                "latitude": -31.936937,
                "longitude": 115.793025
            },
            "brand": {
                "name": "Liquorland",
                "storeFinderId": 3,
                "id": "LQR"
            }
        },
        {
            "id": "LQR:3218",
            "name": "Liquorland Gwelup",
            "phone": "(08) 6115 6434",
            "isTrading": true,
            "address": {
                "state": "WA",
                "suburb": "Gwelup",
                "addressLine": "707 N Beach Road",
                "postcode": "6018"
            },
            "position": {
                "latitude": -31.876303,
                "longitude": 115.796764
            },
            "brand": {
                "name": "Liquorland",
                "storeFinderId": 3,
                "id": "LQR"
            }
        },
        {
            "id": "LQR:2823",
            "name": "Liquorland Shenton Quarter",
            "phone": "(08) 6185 9480",
            "isTrading": true,
            "address": {
                "state": "WA",
                "suburb": "Shenton Park",
                "addressLine": "1 Seymour Avenue",
                "postcode": "6008"
            },
            "position": {
                "latitude": -31.955545,
                "longitude": 115.80421
            },
            "brand": {
                "name": "Liquorland",
                "storeFinderId": 3,
                "id": "LQR"
            }
        },
        {
            "id": "LQR:3231",
            "name": "Liquorland Innaloo City",
            "phone": "(08) 6185 8680",
            "isTrading": true,
            "address": {
                "state": "WA",
                "suburb": "Innaloo",
                "addressLine": "Ellen Stirling Boulevard",
                "postcode": "6018"
            },
            "position": {
                "latitude": -31.899966,
                "longitude": 115.801444
            },
            "brand": {
                "name": "Liquorland",
                "storeFinderId": 3,
                "id": "LQR"
            }
        },
        {
            "id": "LQR:2298",
            "name": "Liquorland Nedlands",
            "phone": "(08) 6115 6474",
            "isTrading": true,
            "address": {
                "state": "WA",
                "suburb": "Nedlands",
                "addressLine": "33 Hampden Road",
                "postcode": "6009"
            },
            "position": {
                "latitude": -31.973265,
                "longitude": 115.813572
            },
            "brand": {
                "name": "Liquorland",
                "storeFinderId": 3,
                "id": "LQR"
            }
        },
        {
            "id": "LQR:2303",
            "name": "Liquorland Shenton Park",
            "phone": "(08) 6157 5720",
            "isTrading": true,
            "address": {
                "state": "WA",
                "suburb": "Shenton Park",
                "addressLine": "95 Nicholson Road",
                "postcode": "6008"
            },
            "position": {
                "latitude": -31.956481,
                "longitude": 115.819726
            },
            "brand": {
                "name": "Liquorland",
                "storeFinderId": 3,
                "id": "LQR"
            }
        },
        {
            "id": "LQR:2295",
            "name": "Liquorland Subiaco - Coles",
            "phone": "(08) 6557 1980",
            "isTrading": true,
            "address": {
                "state": "WA",
                "suburb": "Subiaco",
                "addressLine": "44 Station Street",
                "postcode": "6008"
            },
            "position": {
                "latitude": -31.943728,
                "longitude": 115.823138
            },
            "brand": {
                "name": "Liquorland",
                "storeFinderId": 3,
                "id": "LQR"
            }
        },
        {
            "id": "LQR:3223",
            "name": "Liquorland Subiaco",
            "phone": "(08) 6115 6461",
            "isTrading": true,
            "address": {
                "state": "WA",
                "suburb": "Subiaco",
                "addressLine": "165 Hay Street",
                "postcode": "6008"
            },
            "position": {
                "latitude": -31.947328,
                "longitude": 115.832723
            },
            "brand": {
                "name": "Liquorland",
                "storeFinderId": 3,
                "id": "LQR"
            }
        },
        {
            "id": "LQR:3214",
            "name": "Liquorland Osborne Park",
            "phone": "(08) 6115 6445",
            "isTrading": true,
            "address": {
                "state": "WA",
                "suburb": "Osborne Park",
                "addressLine": "233 Main Street",
                "postcode": "6017"
            },
            "position": {
                "latitude": -31.89551,
                "longitude": 115.828207
            },
            "brand": {
                "name": "Liquorland",
                "storeFinderId": 3,
                "id": "LQR"
            }
        },
        {
            "id": "LQR:2301",
            "name": "Liquorland Hay Street",
            "phone": "(08) 6115 6469",
            "isTrading": true,
            "address": {
                "state": "WA",
                "suburb": "Perth",
                "addressLine": "891-893 Hay Street",
                "postcode": "6000"
            },
            "position": {
                "latitude": -31.952176,
                "longitude": 115.852954
            },
            "brand": {
                "name": "Liquorland",
                "storeFinderId": 3,
                "id": "LQR"
            }
        },
        {
            "id": "LQR:2475",
            "name": "Liquorland Raine Square",
            "phone": "(08) 6112 1480",
            "isTrading": true,
            "address": {
                "state": "WA",
                "suburb": "Perth",
                "addressLine": "300 Murray Street",
                "postcode": "6000"
            },
            "position": {
                "latitude": -31.951983,
                "longitude": 115.856715
            },
            "brand": {
                "name": "Liquorland",
                "storeFinderId": 3,
                "id": "LQR"
            }
        },
        {
            "id": "LQR:3238",
            "name": "Liquorland East Victoria Park",
            "phone": "(08) 6115 6427",
            "isTrading": true,
            "address": {
                "state": "WA",
                "suburb": "East Victoria Park",
                "addressLine": "789 Albany Highway",
                "postcode": "6101"
            },
            "position": {
                "latitude": -31.984653,
                "longitude": 115.901615
            },
            "brand": {
                "name": "Liquorland",
                "storeFinderId": 3,
                "id": "LQR"
            }
        },
        {
            "id": "LQR:3372",
            "name": "Liquorland Victoria Park",
            "phone": "(08) 6115 6429",
            "isTrading": true,
            "address": {
                "state": "WA",
                "suburb": "Victoria Park",
                "addressLine": "366 Albany Highway",
                "postcode": "6100"
            },
            "position": {
                "latitude": -31.973597,
                "longitude": 115.897692
            },
            "brand": {
                "name": "Liquorland",
                "storeFinderId": 3,
                "id": "LQR"
            }
        },
        {
            "id": "LQR:2840",
            "name": "Liquorland Karawara",
            "phone": "(08) 6115 6476",
            "isTrading": true,
            "address": {
                "state": "WA",
                "suburb": "Karawara",
                "addressLine": "213 Kent St",
                "postcode": "6152"
            },
            "position": {
                "latitude": -32.010207,
                "longitude": 115.886217
            },
            "brand": {
                "name": "Liquorland",
                "storeFinderId": 3,
                "id": "LQR"
            }
        },
        {
            "id": "LQR:2299",
            "name": "Liquorland South Perth",
            "phone": "(08) 6115 6428",
            "isTrading": true,
            "address": {
                "state": "WA",
                "suburb": "South Perth",
                "addressLine": "298 Mill Point Road",
                "postcode": "6151"
            },
            "position": {
                "latitude": -31.976781,
                "longitude": 115.873107
            },
            "brand": {
                "name": "Liquorland",
                "storeFinderId": 3,
                "id": "LQR"
            }
        },
        {
            "id": "LQR:3333",
            "name": "Liquorland Bayswater - Wa",
            "phone": "(08) 6115 6433",
            "isTrading": true,
            "address": {
                "state": "WA",
                "suburb": "Bayswater",
                "addressLine": "12 King William Street",
                "postcode": "6053"
            },
            "position": {
                "latitude": -31.919299,
                "longitude": 115.912003
            },
            "brand": {
                "name": "Liquorland",
                "storeFinderId": 3,
                "id": "LQR"
            }
        },
        {
            "id": "LQR:3379",
            "name": "Liquorland Maylands",
            "phone": "(08) 6157 5721",
            "isTrading": true,
            "address": {
                "state": "WA",
                "suburb": "Maylands",
                "addressLine": "246 Guildford Road",
                "postcode": "6051"
            },
            "position": {
                "latitude": -31.929451,
                "longitude": 115.897856
            },
            "brand": {
                "name": "Liquorland",
                "storeFinderId": 3,
                "id": "LQR"
            }
        },
        {
            "id": "LQR:6149",
            "name": "Liquorland Civic Hotel Drive",
            "phone": "(08) 6115 6418",
            "isTrading": true,
            "address": {
                "state": "WA",
                "suburb": "Inglewood",
                "addressLine": "981 Beaufort Street",
                "postcode": "6052"
            },
            "position": {
                "latitude": -31.917553,
                "longitude": 115.890451
            },
            "brand": {
                "name": "Liquorland",
                "storeFinderId": 3,
                "id": "LQR"
            }
        },
        {
            "id": "LQR:3220",
            "name": "Liquorland North Perth",
            "phone": "(08) 6115 6431",
            "isTrading": true,
            "address": {
                "state": "WA",
                "suburb": "North Perth",
                "addressLine": "391 Fitzgerald Street",
                "postcode": "6006"
            },
            "position": {
                "latitude": -31.932054,
                "longitude": 115.858833
            },
            "brand": {
                "name": "Liquorland",
                "storeFinderId": 3,
                "id": "LQR"
            }
        },
        {
            "id": "LQR:2863",
            "name": "Liquorland Altone Park",
            "phone": "(08) 6115 6475",
            "isTrading": true,
            "address": {
                "state": "WA",
                "suburb": "Beechboro",
                "addressLine": "161 Altone Road",
                "postcode": "6063"
            },
            "position": {
                "latitude": -31.870241,
                "longitude": 115.945638
            },
            "brand": {
                "name": "Liquorland",
                "storeFinderId": 3,
                "id": "LQR"
            }
        },
        {
            "id": "LQR:3264",
            "name": "Liquorland Beechboro",
            "phone": "(08) 6115 6441",
            "isTrading": true,
            "address": {
                "state": "WA",
                "suburb": "Beechboro",
                "addressLine": "412-422 Beechboro Road",
                "postcode": "6063"
            },
            "position": {
                "latitude": -31.876319,
                "longitude": 115.92576
            },
            "brand": {
                "name": "Liquorland",
                "storeFinderId": 3,
                "id": "LQR"
            }
        },
        {
            "id": "LQR:2954",
            "name": "Liquorland Banksia Grove",
            "phone": "(08) 9406 2880",
            "isTrading": true,
            "address": {
                "state": "WA",
                "suburb": "Banksia Grove",
                "addressLine": "1001 Joondalup Drive",
                "postcode": "6031"
            },
            "position": {
                "latitude": -31.703434,
                "longitude": 115.803945
            },
            "brand": {
                "name": "Liquorland",
                "storeFinderId": 3,
                "id": "LQR"
            }
        },
        {
            "id": "LQR:3234",
            "name": "Liquorland Woodvale",
            "phone": "(08) 6115 6402",
            "isTrading": true,
            "address": {
                "state": "WA",
                "suburb": "Woodvale",
                "addressLine": "931 Whitfords Avenue",
                "postcode": "6026"
            },
            "position": {
                "latitude": -31.798839,
                "longitude": 115.794437
            },
            "brand": {
                "name": "Liquorland",
                "storeFinderId": 3,
                "id": "LQR"
            }
        },
        {
            "id": "LQR:3094",
            "name": "Liquorland Wanneroo",
            "phone": "(08) 9306 7480",
            "isTrading": true,
            "address": {
                "state": "WA",
                "suburb": "Wanneroo",
                "addressLine": "T12 And 14 950 Wanneroo Rd",
                "postcode": "6065"
            },
            "position": {
                "latitude": -31.751766,
                "longitude": 115.804029
            },
            "brand": {
                "name": "Liquorland",
                "storeFinderId": 3,
                "id": "LQR"
            }
        },
        {
            "id": "LQR:5101",
            "name": "Liquorland Warwick",
            "phone": "(08) 6115 6472",
            "isTrading": true,
            "address": {
                "state": "WA",
                "suburb": "Warwick",
                "addressLine": "Cnr Beach Road & Erindale Road",
                "postcode": "6024"
            },
            "position": {
                "latitude": -31.844632,
                "longitude": 115.811835
            },
            "brand": {
                "name": "Liquorland",
                "storeFinderId": 3,
                "id": "LQR"
            }
        },
        {
            "id": "LQR:3251",
            "name": "Liquorland Alexander Heights",
            "phone": "(08) 6115 6466",
            "isTrading": true,
            "address": {
                "state": "WA",
                "suburb": "Alexander Heights",
                "addressLine": "200 Mirrabooka Avenue",
                "postcode": "6064"
            },
            "position": {
                "latitude": -31.830112,
                "longitude": 115.853192
            },
            "brand": {
                "name": "Liquorland",
                "storeFinderId": 3,
                "id": "LQR"
            }
        },
        {
            "id": "LQR:3225",
            "name": "Liquorland Noranda Square",
            "phone": "(08) 6115 6463",
            "isTrading": true,
            "address": {
                "state": "WA",
                "suburb": "Noranda",
                "addressLine": "58 Benara Road",
                "postcode": "6062"
            },
            "position": {
                "latitude": -31.875997,
                "longitude": 115.896118
            },
            "brand": {
                "name": "Liquorland",
                "storeFinderId": 3,
                "id": "LQR"
            }
        },
        {
            "id": "LQR:3283",
            "name": "Liquorland Flinders Square",
            "phone": "(08) 6157 5713",
            "isTrading": true,
            "address": {
                "state": "WA",
                "suburb": "Yokine",
                "addressLine": "30 Wiluna Street",
                "postcode": "6060"
            },
            "position": {
                "latitude": -31.909569,
                "longitude": 115.848813
            },
            "brand": {
                "name": "Liquorland",
                "storeFinderId": 3,
                "id": "LQR"
            }
        },
        {
            "id": "LQR:5107",
            "name": "Liquorland Morley",
            "phone": "(08) 6115 6473",
            "isTrading": true,
            "address": {
                "state": "WA",
                "suburb": "Morley",
                "addressLine": "129 Crimea Street",
                "postcode": "6062"
            },
            "position": {
                "latitude": -31.887251,
                "longitude": 115.904788
            },
            "brand": {
                "name": "Liquorland",
                "storeFinderId": 3,
                "id": "LQR"
            }
        },
        {
            "id": "LQR:3233",
            "name": "Liquorland Morley Galleria",
            "phone": "(08) 6115 6464",
            "isTrading": true,
            "address": {
                "state": "WA",
                "suburb": "Morley",
                "addressLine": "Cnr Collier And Walter Roads",
                "postcode": "6062"
            },
            "position": {
                "latitude": -31.896708,
                "longitude": 115.898368
            },
            "brand": {
                "name": "Liquorland",
                "storeFinderId": 3,
                "id": "LQR"
            }
        },
        {
            "id": "LQR:3213",
            "name": "Liquorland Morley - Dianella",
            "phone": "(08) 6115 6458",
            "isTrading": true,
            "address": {
                "state": "WA",
                "suburb": "Dianella",
                "addressLine": "169 Walter Road West",
                "postcode": "6059"
            },
            "position": {
                "latitude": -31.899479,
                "longitude": 115.889395
            },
            "brand": {
                "name": "Liquorland",
                "storeFinderId": 3,
                "id": "LQR"
            }
        },
        {
            "id": "LQR:3083",
            "name": "Liquorland Northgate",
            "phone": "(08) 6115 6438",
            "isTrading": true,
            "address": {
                "state": "WA",
                "suburb": "Geraldton",
                "addressLine": "110 Chapman Road",
                "postcode": "6530"
            },
            "position": {
                "latitude": -28.766775,
                "longitude": 114.615995
            },
            "brand": {
                "name": "Liquorland",
                "storeFinderId": 3,
                "id": "LQR"
            }
        },
        {
            "id": "LQR:3260",
            "name": "Liquorland Tom Price",
            "phone": "(08) 6157 5711",
            "isTrading": true,
            "address": {
                "state": "WA",
                "suburb": "Tom Price",
                "addressLine": "5 Jacaranda Drive",
                "postcode": "6751"
            },
            "position": {
                "latitude": -22.693489,
                "longitude": 117.795437
            },
            "brand": {
                "name": "Liquorland",
                "storeFinderId": 3,
                "id": "LQR"
            }
        },
        {
            "id": "LQR:3385",
            "name": "Liquorland South Hedland",
            "phone": "(08) 6157 5718",
            "isTrading": true,
            "address": {
                "state": "WA",
                "suburb": "South Headland",
                "addressLine": "9-31 Throssell Road",
                "postcode": "6722"
            },
            "position": {
                "latitude": -20.410176,
                "longitude": 118.600522
            },
            "brand": {
                "name": "Liquorland",
                "storeFinderId": 3,
                "id": "LQR"
            }
        },
        {
            "id": "LQR:3256",
            "name": "Liquorland Broome Seaview",
            "phone": "(08) 6157 5710",
            "isTrading": true,
            "address": {
                "state": "WA",
                "suburb": "Broome",
                "addressLine": "63 Robinson Street",
                "postcode": "6725"
            },
            "position": {
                "latitude": -17.966891,
                "longitude": 122.235903
            },
            "brand": {
                "name": "Liquorland",
                "storeFinderId": 3,
                "id": "LQR"
            }
        },
        {
            "id": "LQR:3253",
            "name": "Liquorland Broome Chinatown",
            "phone": "(08) 6157 5709",
            "isTrading": true,
            "address": {
                "state": "WA",
                "suburb": "Broome",
                "addressLine": "8 Short Street",
                "postcode": "6725"
            },
            "position": {
                "latitude": -17.952513,
                "longitude": 122.242939
            },
            "brand": {
                "name": "Liquorland",
                "storeFinderId": 3,
                "id": "LQR"
            }
        }
    ]
}