[
    {
        "city": "Erskine Park",
        "line1": "Swallow Drive 180-188",
        "postcode": "2759",
        "region": "NSW",
        "c_internalALDIID": "1199",
        "c_locationName": "ALDI Erskine Park"
    },
    {
        "city": "Merrylands",
        "line1": "Pitt Street 191 - 201",
        "postcode": "2160",
        "region": "NSW",
        "c_internalALDIID": "1795",
        "c_locationName": "ALDI Merrylands"
    },
    {
        "city": "Warners Bay",
        "line1": "King Street 6",
        "postcode": "2282",
        "region": "NSW",
        "c_internalALDIID": "1868",
        "c_locationName": "ALDI Warners Bay"
    },
    {
        "city": "Chatswood",
        "line1": "Anderson Street 1",
        "postcode": "2067",
        "region": "NSW",
        "c_internalALDIID": "0683",
        "c_locationName": "ALDI Chatswood"
    },
    {
        "city": "McGraths Hill",
        "line1": "5 Curtis Road",
        "postcode": "2756",
        "region": "NSW",
        "c_internalALDIID": "1174",
        "c_locationName": "ALDI McGraths Hill"
    },
    {
        "city": "Wagga Wagga",
        "line1": "Berry Street 11",
        "postcode": "2650",
        "region": "NSW",
        "c_internalALDIID": "1645",
        "c_locationName": "ALDI Wagga Wagga"
    },
    {
        "city": "North Strathfield",
        "line1": "George Street 20",
        "postcode": "2137",
        "region": "NSW",
        "c_internalALDIID": "0044",
        "c_locationName": "ALDI North Strathfield"
    },
    {
        "city": "Kellyville",
        "line1": "92 Wrights Road",
        "postcode": "2155",
        "region": "NSW",
        "c_internalALDIID": "1200",
        "c_locationName": "ALDI Kellyville"
    },
    {
        "city": "Dapto",
        "line1": "38 Osborne Street",
        "postcode": "2530",
        "region": "NSW",
        "c_internalALDIID": "0026",
        "c_locationName": "ALDI Dapto"
    },
    {
        "city": "Casino",
        "line1": "139 Centre Street",
        "postcode": "2470",
        "region": "NSW",
        "c_internalALDIID": "0812",
        "c_locationName": "ALDI Casino"
    },
    {
        "city": "Charlestown",
        "line1": "Pearson Street 30",
        "postcode": "2290",
        "region": "NSW",
        "c_internalALDIID": "2254",
        "c_locationName": "ALDI Charlestown"
    },
    {
        "city": "Balgowlah",
        "line1": "22 - 26 Roseberry Street",
        "postcode": "2093",
        "region": "NSW",
        "c_internalALDIID": "2394",
        "c_locationName": "ALDI Balgowlah"
    },
    {
        "city": "Emerald Hills",
        "line1": "5 Emerald Hills Boulevarde",
        "postcode": "2179",
        "region": "NSW",
        "c_internalALDIID": "2229",
        "c_locationName": "ALDI Emerald Hills"
    },
    {
        "city": "Belrose",
        "line1": "Glen Street 56 - 58",
        "postcode": "2085",
        "region": "NSW",
        "c_internalALDIID": "2123",
        "c_locationName": "ALDI Belrose"
    },
    {
        "city": "Riverwood",
        "line1": "247 - 253 Belmore Road",
        "postcode": "2210",
        "region": "NSW",
        "c_internalALDIID": "2415",
        "c_locationName": "ALDI Riverwood"
    },
    {
        "city": "Kirrawee",
        "line1": "Princes Highway 580",
        "postcode": "2232",
        "region": "NSW",
        "c_internalALDIID": "1748",
        "c_locationName": "ALDI Kirrawee"
    },
    {
        "city": "Moss Vale",
        "line1": "Roberston Road 6",
        "postcode": "2577",
        "region": "NSW",
        "c_internalALDIID": "2382",
        "c_locationName": "ALDI Moss Vale"
    },
    {
        "city": "Hoxton Park",
        "line1": "501 Cowpasture Road",
        "postcode": "2171",
        "region": "NSW",
        "c_internalALDIID": "2277",
        "c_locationName": "ALDI Hoxton Park"
    },
    {
        "city": "Rhodes",
        "line1": "1 Rider Boulevarde",
        "postcode": "2138",
        "region": "NSW",
        "c_internalALDIID": "1781",
        "c_locationName": "ALDI Rhodes"
    },
    {
        "city": "Narellan",
        "line1": "Camden Valley Way 304 - 306",
        "postcode": "2567",
        "region": "NSW",
        "c_internalALDIID": "1959",
        "c_locationName": "ALDI Narellan"
    },
    {
        "city": "Fairfield",
        "line1": "8 - 36 Station Street",
        "postcode": "2165",
        "region": "NSW",
        "c_internalALDIID": "2182",
        "c_locationName": "ALDI Fairfield"
    },
    {
        "city": "Casula",
        "line1": "1 Ingham Drive",
        "postcode": "2170",
        "region": "NSW",
        "c_internalALDIID": "2313",
        "c_locationName": "ALDI Casula"
    },
    {
        "city": "Chatswood",
        "line1": "256 - 260 Victoria Avenue",
        "postcode": "2067",
        "region": "NSW",
        "c_internalALDIID": "2436",
        "c_locationName": "ALDI Chatswood"
    },
    {
        "city": "Griffith",
        "line1": "4 - 6 Oakes Road",
        "postcode": "2680",
        "region": "NSW",
        "c_internalALDIID": "2225",
        "c_locationName": "ALDI Griffith"
    },
    {
        "city": "Roselands",
        "line1": "Roselands Avenue 24",
        "postcode": "2196",
        "region": "NSW",
        "c_internalALDIID": "2449",
        "c_locationName": "ALDI Roselands"
    },
    {
        "city": "Hillsdale",
        "line1": "Bunnerong Road 238 - 262",
        "postcode": "2036",
        "region": "NSW",
        "c_internalALDIID": "2094",
        "c_locationName": "ALDI Hillsdale"
    },
    {
        "city": "Lidcombe",
        "line1": "Parramatta Road 92",
        "postcode": "2141",
        "region": "NSW",
        "c_internalALDIID": "2057",
        "c_locationName": "ALDI Lidcombe"
    },
    {
        "city": "Mosman",
        "line1": "Brady Street 3 / 1",
        "postcode": "2088",
        "region": "NSW",
        "c_internalALDIID": "2356",
        "c_locationName": "ALDI Mosman"
    },
    {
        "city": "Corrimal",
        "line1": "Russell Street 7",
        "postcode": "2518",
        "region": "NSW",
        "c_internalALDIID": "2233",
        "c_locationName": "ALDI Corrimal"
    },
    {
        "city": "Auburn",
        "line1": "Queen Street 57-59",
        "postcode": "2144",
        "region": "NSW",
        "c_internalALDIID": "2469",
        "c_locationName": "ALDI Auburn"
    },
    {
        "city": "Carlton",
        "line1": "Edward Street 76",
        "postcode": "2218",
        "region": "NSW",
        "c_internalALDIID": "2464",
        "c_locationName": "ALDI Carlton"
    },
    {
        "city": "Lane Cove",
        "line1": "Rosenthal Avenue 2",
        "postcode": "2066",
        "region": "NSW",
        "c_internalALDIID": "2297",
        "c_locationName": "ALDI Lane Cove"
    },
    {
        "city": "Darlinghurst",
        "line1": "Oxford Street 73",
        "postcode": "2010",
        "region": "NSW",
        "c_internalALDIID": "0295",
        "c_locationName": "ALDI Darlinghurst"
    },
    {
        "city": "Eastgardens",
        "line1": "Bunnerong Road 152",
        "postcode": "2036",
        "region": "NSW",
        "c_internalALDIID": "2231",
        "c_locationName": "ALDI Eastgardens"
    },
    {
        "city": "Wetherill Park",
        "line1": "1024 The Horsely Drive",
        "postcode": "2164",
        "region": "NSW",
        "c_internalALDIID": "2355",
        "c_locationName": "ALDI Wetherill Park"
    },
    {
        "city": "Maitland",
        "line1": "405 / Mm01 High Street",
        "postcode": "2320",
        "region": "NSW",
        "c_internalALDIID": "2421",
        "c_locationName": "ALDI Maitland"
    },
    {
        "city": "Edmondson Park",
        "line1": "1952-1982 Camden Valley Way",
        "postcode": "2174",
        "region": "NSW",
        "c_internalALDIID": "1825",
        "c_locationName": "ALDI Edmondson Park"
    },
    {
        "city": "Campbelltown",
        "line1": "Gilchrist Drive 200",
        "postcode": "2560",
        "region": "NSW",
        "c_internalALDIID": "2230",
        "c_locationName": "ALDI Campbelltown"
    },
    {
        "city": "Forster",
        "line1": "3 - 17 Breese Parade",
        "postcode": "2428",
        "region": "NSW",
        "c_internalALDIID": "0547",
        "c_locationName": "ALDI Forster"
    },
    {
        "city": "Eastlakes",
        "line1": "Evans Ave 16D",
        "postcode": "2018",
        "region": "NSW",
        "c_internalALDIID": "2461",
        "c_locationName": "ALDI Eastlakes"
    },
    {
        "city": "Moonee Beach",
        "line1": "2B Moonee Beach Road",
        "postcode": "2450",
        "region": "NSW",
        "c_internalALDIID": "2479",
        "c_locationName": "ALDI Moonee Beach"
    },
    {
        "city": "Merimbula",
        "line1": "Main St 107",
        "postcode": "2548",
        "region": "NSW",
        "c_internalALDIID": "2267",
        "c_locationName": "ALDI Merimbula"
    },
    {
        "city": "Bomaderry",
        "line1": "Narang Rd 54",
        "postcode": "2541",
        "region": "NSW",
        "c_internalALDIID": "2291",
        "c_locationName": "ALDI Bomaderry"
    },
    {
        "city": "Gregory Hills",
        "line1": "Village Circuit 33",
        "postcode": "2557",
        "region": "NSW",
        "c_internalALDIID": "2473",
        "c_locationName": "ALDI Gregory Hills"
    },
    {
        "city": "Tamworth",
        "line1": "Peel Street 194 - 196",
        "postcode": "2340",
        "region": "NSW",
        "c_internalALDIID": "2384",
        "c_locationName": "ALDI Tamworth"
    },
    {
        "city": "Parramatta",
        "line1": "Church Street 175",
        "postcode": "2150",
        "region": "NSW",
        "c_internalALDIID": "2526",
        "c_locationName": "ALDI Parramatta"
    },
    {
        "city": "Salamander Bay",
        "line1": "Central Avenue 3",
        "postcode": "2317",
        "region": "NSW",
        "c_internalALDIID": "2397",
        "c_locationName": "ALDI Salamander Bay"
    },
    {
        "city": "Rosebery",
        "line1": "85 Dunning Avenue",
        "postcode": "2018",
        "region": "NSW",
        "c_internalALDIID": "2527",
        "c_locationName": "ALDI Rosebery"
    },
    {
        "city": "Box Hill",
        "line1": "745 Windsor Rd",
        "postcode": "2765",
        "region": "NSW",
        "c_internalALDIID": "2484",
        "c_locationName": "ALDI Box Hill"
    },
    {
        "city": "Newtown",
        "line1": "1/330 King St",
        "postcode": "2042",
        "region": "NSW",
        "c_internalALDIID": "2528",
        "c_locationName": "ALDI Newtown"
    },
    {
        "city": "Cobbitty",
        "line1": "3 Kakadu Street",
        "postcode": "2570",
        "region": "NSW",
        "c_internalALDIID": "2242",
        "c_locationName": "ALDI Cobbitty"
    },
    {
        "city": "Woolooware",
        "line1": "Captain Cook Dr 455 - 461",
        "postcode": "2230",
        "region": "NSW",
        "c_internalALDIID": "1866",
        "c_locationName": "ALDI Woolooware"
    },
    {
        "city": "Thornleigh",
        "line1": "Pennant Hills Road 275 - 291",
        "postcode": "2120",
        "region": "NSW",
        "c_internalALDIID": "0962",
        "c_locationName": "ALDI Thornleigh"
    },
    {
        "city": "Broadway",
        "line1": "1 Bay Street",
        "postcode": "2007",
        "region": "NSW",
        "c_internalALDIID": "1769",
        "c_locationName": "ALDI Broadway"
    },
    {
        "city": "Umina Beach",
        "line1": "310 Trafalgar Ave",
        "postcode": "2257",
        "region": "NSW",
        "c_internalALDIID": "1395",
        "c_locationName": "ALDI Umina Beach"
    },
    {
        "city": "Frenchs Forest",
        "line1": "20 Forest Way",
        "postcode": "2086",
        "region": "NSW",
        "c_internalALDIID": "1792",
        "c_locationName": "ALDI Frenchs Forest"
    },
    {
        "city": "Liverpool",
        "line1": "165 - 191 Macquarie Street",
        "postcode": "2170",
        "region": "NSW",
        "c_internalALDIID": "1731",
        "c_locationName": "ALDI Liverpool"
    },
    {
        "city": "Wentworthville",
        "line1": "Great Western Highway 331 - 339",
        "postcode": "2145",
        "region": "NSW",
        "c_internalALDIID": "0314",
        "c_locationName": "ALDI Wentworthville"
    },
    {
        "city": "Warrawong",
        "line1": "45 Cowper Street",
        "postcode": "2502",
        "region": "NSW",
        "c_internalALDIID": "1516",
        "c_locationName": "ALDI Warrawong"
    },
    {
        "city": "Miller",
        "line1": "Cartwright Avenue 90",
        "postcode": "2168",
        "region": "NSW",
        "c_internalALDIID": "2133",
        "c_locationName": "ALDI Miller"
    },
    {
        "city": "North Rocks",
        "line1": "North Rocks Road 328 - 336",
        "postcode": "2151",
        "region": "NSW",
        "c_internalALDIID": "0424",
        "c_locationName": "ALDI North Rocks"
    },
    {
        "city": "Bankstown",
        "line1": "440 - 450 Chapel Road",
        "postcode": "2200",
        "region": "NSW",
        "c_internalALDIID": "0024",
        "c_locationName": "ALDI Bankstown"
    },
    {
        "city": "Mount Annan",
        "line1": "Main Street 6-8",
        "postcode": "2567",
        "region": "NSW",
        "c_internalALDIID": "0023",
        "c_locationName": "ALDI Mount Annan"
    },
    {
        "city": "Warilla",
        "line1": "43 - 57 Shellharbour Road",
        "postcode": "2528",
        "region": "NSW",
        "c_internalALDIID": "1902",
        "c_locationName": "ALDI Warilla"
    },
    {
        "city": "Macquarie Fields",
        "line1": "61 Victoria Road",
        "postcode": "2564",
        "region": "NSW",
        "c_internalALDIID": "1017",
        "c_locationName": "ALDI Macquarie Fields"
    },
    {
        "city": "Vincentia",
        "line1": "8 Moona Creek Road",
        "postcode": "2540",
        "region": "NSW",
        "c_internalALDIID": "1279",
        "c_locationName": "ALDI Vincentia"
    },
    {
        "city": "Shellharbour",
        "line1": "5 Holm Place",
        "postcode": "2529",
        "region": "NSW",
        "c_internalALDIID": "0010",
        "c_locationName": "ALDI Shellharbour"
    },
    {
        "city": "Quakers Hill",
        "line1": "85 Bali Drive",
        "postcode": "2763",
        "region": "NSW",
        "c_internalALDIID": "0004",
        "c_locationName": "ALDI Quakers Hill"
    },
    {
        "city": "Leichhardt",
        "line1": "Marion Street, Flood Street Shop 21A",
        "postcode": "2040",
        "region": "NSW",
        "c_internalALDIID": "0695",
        "c_locationName": "ALDI Leichhardt"
    },
    {
        "city": "Glenfield Park",
        "line1": "Tanda Place 12",
        "postcode": "2650",
        "region": "NSW",
        "c_internalALDIID": "1084",
        "c_locationName": "ALDI Glenfield Park"
    },
    {
        "city": "Villawood",
        "line1": "2 Villawood Road",
        "postcode": "2163",
        "region": "NSW",
        "c_internalALDIID": "0006",
        "c_locationName": "ALDI Villawood"
    },
    {
        "city": "Fairfield West",
        "line1": "370 Hamilton Road",
        "postcode": "2165",
        "region": "NSW",
        "c_internalALDIID": "0005",
        "c_locationName": "ALDI Fairfield West"
    },
    {
        "city": "Westleigh",
        "line1": "4/8 Eucalyptus Drive",
        "postcode": "2120",
        "region": "NSW",
        "c_internalALDIID": "1943",
        "c_locationName": "ALDI Westleigh"
    },
    {
        "city": "Wolli Creek",
        "line1": "Magdalene Terrace 4",
        "postcode": "2205",
        "region": "NSW",
        "c_internalALDIID": "1570",
        "c_locationName": "ALDI Wolli Creek"
    },
    {
        "city": "Rutherford",
        "line1": "3 Hillview Street",
        "postcode": "2320",
        "region": "NSW",
        "c_internalALDIID": "0572",
        "c_locationName": "ALDI Rutherford"
    },
    {
        "city": "Glenmore Park",
        "line1": "Town Terrace 1",
        "postcode": "2745",
        "region": "NSW",
        "c_internalALDIID": "1634",
        "c_locationName": "ALDI Glenmore Park"
    },
    {
        "city": "Dee Why",
        "line1": "Pacific Parade 15 - 19",
        "postcode": "2099",
        "region": "NSW",
        "c_internalALDIID": "1702",
        "c_locationName": "ALDI Dee Why"
    },
    {
        "city": "Bass Hill",
        "line1": "753 Hume Highway",
        "postcode": "2197",
        "region": "NSW",
        "c_internalALDIID": "1737",
        "c_locationName": "ALDI Bass Hill"
    },
    {
        "city": "Ballina",
        "line1": "2 North Creek Road",
        "postcode": "2478",
        "region": "NSW",
        "c_internalALDIID": "0310",
        "c_locationName": "ALDI Ballina"
    },
    {
        "city": "Mount Hutton",
        "line1": "4 Dunkley Parade",
        "postcode": "2290",
        "region": "NSW",
        "c_internalALDIID": "1002",
        "c_locationName": "ALDI Mount Hutton"
    },
    {
        "city": "Green Point",
        "line1": "Cnr Avoca Drive, Bayside Drive",
        "postcode": "2251",
        "region": "NSW",
        "c_internalALDIID": "0929",
        "c_locationName": "ALDI Green Point"
    },
    {
        "city": "Ulladulla",
        "line1": "23 Boree Street",
        "postcode": "2539",
        "region": "NSW",
        "c_internalALDIID": "0028",
        "c_locationName": "ALDI Ulladulla"
    },
    {
        "city": "Wyoming",
        "line1": "489 Pacific Highway",
        "postcode": "2250",
        "region": "NSW",
        "c_internalALDIID": "0058",
        "c_locationName": "ALDI Wyoming"
    },
    {
        "city": "Marrickville",
        "line1": "Smidmore Street 20",
        "postcode": "2204",
        "region": "NSW",
        "c_internalALDIID": "0002",
        "c_locationName": "ALDI Marrickville"
    },
    {
        "city": "Mayfield",
        "line1": "230 Maitland Road",
        "postcode": "2304",
        "region": "NSW",
        "c_internalALDIID": "1793",
        "c_locationName": "ALDI Mayfield"
    },
    {
        "city": "Tweed Mall",
        "line1": "16 - 32 Wharf Street",
        "postcode": "2485",
        "region": "NSW",
        "c_internalALDIID": "2450",
        "c_locationName": "ALDI Tweed Mall"
    },
    {
        "city": "Albion Park",
        "line1": "Ash Avenue 10",
        "postcode": "2527",
        "region": "NSW",
        "c_internalALDIID": "1113",
        "c_locationName": "ALDI Albion Park"
    },
    {
        "city": "Cooma",
        "line1": "18 Hilton Street",
        "postcode": "2630",
        "region": "NSW",
        "c_internalALDIID": "1177",
        "c_locationName": "ALDI Cooma"
    },
    {
        "city": "Minto",
        "line1": "Pembroke Road",
        "postcode": "2566",
        "region": "NSW",
        "c_internalALDIID": "0032",
        "c_locationName": "ALDI Minto"
    },
    {
        "city": "Wallsend",
        "line1": "Kokera Street 32",
        "postcode": "2287",
        "region": "NSW",
        "c_internalALDIID": "0009",
        "c_locationName": "ALDI Wallsend"
    },
    {
        "city": "Brookvale",
        "line1": "Cross Street 3 - 5",
        "postcode": "2100",
        "region": "NSW",
        "c_internalALDIID": "0035",
        "c_locationName": "ALDI Brookvale"
    },
    {
        "city": "Drummoyne",
        "line1": "19 A Roseby Street",
        "postcode": "2047",
        "region": "NSW",
        "c_internalALDIID": "1767",
        "c_locationName": "ALDI Drummoyne"
    },
    {
        "city": "Bateau Bay",
        "line1": "12 / M01 Bay Village Road",
        "postcode": "2261",
        "region": "NSW",
        "c_internalALDIID": "0204",
        "c_locationName": "ALDI Bateau Bay"
    },
    {
        "city": "Maroubra",
        "line1": "Anzac Parade 707 - 751",
        "postcode": "2035",
        "region": "NSW",
        "c_internalALDIID": "0051",
        "c_locationName": "ALDI Maroubra"
    },
    {
        "city": "Emu Plains",
        "line1": "1 Pyramid Street",
        "postcode": "2750",
        "region": "NSW",
        "c_internalALDIID": "0043",
        "c_locationName": "ALDI Emu Plains"
    },
    {
        "city": "Ashfield",
        "line1": "Liverpool Road 260 A",
        "postcode": "2131",
        "region": "NSW",
        "c_internalALDIID": "1770",
        "c_locationName": "ALDI Ashfield"
    },
    {
        "city": "Erina",
        "line1": "620 - 658 Terrigal Drive",
        "postcode": "2250",
        "region": "NSW",
        "c_internalALDIID": "0525",
        "c_locationName": "ALDI Erina"
    },
    {
        "city": "Galston",
        "line1": "346 Galston Road",
        "postcode": "2159",
        "region": "NSW",
        "c_internalALDIID": "2060",
        "c_locationName": "ALDI Galston"
    },
    {
        "city": "Grafton",
        "line1": "163 - 169 Prince Street",
        "postcode": "2460",
        "region": "NSW",
        "c_internalALDIID": "0383",
        "c_locationName": "ALDI Grafton"
    },
    {
        "city": "Toronto",
        "line1": "189 - 197 Brighton Ave",
        "postcode": "2283",
        "region": "NSW",
        "c_internalALDIID": "0669",
        "c_locationName": "ALDI Toronto"
    },
    {
        "city": "Macquarie Park",
        "line1": "Herring Road 197/223",
        "postcode": "2113",
        "region": "NSW",
        "c_internalALDIID": "1654",
        "c_locationName": "ALDI Macquarie Park"
    },
    {
        "city": "Kurri Kurri",
        "line1": "106 -112 Barton Street",
        "postcode": "2327",
        "region": "NSW",
        "c_internalALDIID": "0903",
        "c_locationName": "ALDI Kurri Kurri"
    },
    {
        "city": "Newcastle CBD",
        "line1": "54 Union Street",
        "postcode": "2302",
        "region": "NSW",
        "c_internalALDIID": "1374",
        "c_locationName": "ALDI Newcastle CBD"
    },
    {
        "city": "Byron Bay",
        "line1": "1 Byron Street",
        "postcode": "2481",
        "region": "NSW",
        "c_internalALDIID": "1651",
        "c_locationName": "ALDI Byron Bay"
    },
    {
        "city": "Engadine",
        "line1": "101 / 15 Caldarra Avenue",
        "postcode": "2233",
        "region": "NSW",
        "c_internalALDIID": "1564",
        "c_locationName": "ALDI Engadine"
    },
    {
        "city": "Hornsby",
        "line1": "236 Pacific Highway",
        "postcode": "2077",
        "region": "NSW",
        "c_internalALDIID": "0194",
        "c_locationName": "ALDI Hornsby"
    },
    {
        "city": "Canterbury",
        "line1": "Jeffrey Street 73",
        "postcode": "2193",
        "region": "NSW",
        "c_internalALDIID": "0039",
        "c_locationName": "ALDI Canterbury"
    },
    {
        "city": "Rockdale",
        "line1": "Rockdale Plaza Drive 1",
        "postcode": "2216",
        "region": "NSW",
        "c_internalALDIID": "1824",
        "c_locationName": "ALDI Rockdale"
    },
    {
        "city": "Castle Hill",
        "line1": "Castle Street 6 - 14 / S",
        "postcode": "2154",
        "region": "NSW",
        "c_internalALDIID": "1867",
        "c_locationName": "ALDI Castle Hill"
    },
    {
        "city": "Tuggerah",
        "line1": "Wyong Rd 50",
        "postcode": "2259",
        "region": "NSW",
        "c_internalALDIID": "0185",
        "c_locationName": "ALDI Tuggerah"
    },
    {
        "city": "Rydalmere",
        "line1": "Victoria Road 359 - 363",
        "postcode": "2116",
        "region": "NSW",
        "c_internalALDIID": "1343",
        "c_locationName": "ALDI Rydalmere"
    },
    {
        "city": "Blacktown",
        "line1": "Patrick Street 17",
        "postcode": "2148",
        "region": "NSW",
        "c_internalALDIID": "1782",
        "c_locationName": "ALDI Blacktown"
    },
    {
        "city": "Armidale",
        "line1": "95 Barney Street",
        "postcode": "2350",
        "region": "NSW",
        "c_internalALDIID": "1558",
        "c_locationName": "ALDI Armidale"
    },
    {
        "city": "Blue Haven",
        "line1": "Roper Road 19",
        "postcode": "2262",
        "region": "NSW",
        "c_internalALDIID": "1761",
        "c_locationName": "ALDI Blue Haven"
    },
    {
        "city": "Menai",
        "line1": "509 Old Illawarra Road",
        "postcode": "2234",
        "region": "NSW",
        "c_internalALDIID": "0036",
        "c_locationName": "ALDI Menai"
    },
    {
        "city": "Point Clare",
        "line1": "53 - 59 Brisbane Water Drive",
        "postcode": "2250",
        "region": "NSW",
        "c_internalALDIID": "0567",
        "c_locationName": "ALDI Point Clare"
    },
    {
        "city": "Wollongong",
        "line1": "Stewart Street 25",
        "postcode": "2500",
        "region": "NSW",
        "c_internalALDIID": "0018",
        "c_locationName": "ALDI Wollongong"
    },
    {
        "city": "Tahmoor",
        "line1": "Remembrance Driveway 153 - 159",
        "postcode": "2573",
        "region": "NSW",
        "c_internalALDIID": "1406",
        "c_locationName": "ALDI Tahmoor"
    },
    {
        "city": "Waterloo",
        "line1": "Danks Street 20 A",
        "postcode": "2017",
        "region": "NSW",
        "c_internalALDIID": "1435",
        "c_locationName": "ALDI Waterloo"
    },
    {
        "city": "Lavington",
        "line1": "Wagga Road 385 - 387",
        "postcode": "2641",
        "region": "NSW",
        "c_internalALDIID": "1848",
        "c_locationName": "ALDI Lavington"
    },
    {
        "city": "North Richmond",
        "line1": "47 - 55 Bells Line Of Road",
        "postcode": "2754",
        "region": "NSW",
        "c_internalALDIID": "2012",
        "c_locationName": "ALDI North Richmond"
    },
    {
        "city": "Baulkham Hills",
        "line1": "Windsor Rd 373-383",
        "postcode": "2153",
        "region": "NSW",
        "c_internalALDIID": "0040",
        "c_locationName": "ALDI Baulkham Hills"
    },
    {
        "city": "Arndell Park",
        "line1": "Cnr Holbeche Road, Walters Road",
        "postcode": "2148",
        "region": "NSW",
        "c_internalALDIID": "0007",
        "c_locationName": "ALDI Arndell Park"
    },
    {
        "city": "Winston Hills",
        "line1": "192 Caroline Chisholm Drive",
        "postcode": "2153",
        "region": "NSW",
        "c_internalALDIID": "1021",
        "c_locationName": "ALDI Winston Hills"
    },
    {
        "city": "Taree",
        "line1": "98-106 High Street",
        "postcode": "2430",
        "region": "NSW",
        "c_internalALDIID": "0635",
        "c_locationName": "ALDI Taree"
    },
    {
        "city": "Bondi Junction",
        "line1": "Spring Street 71 - 91",
        "postcode": "2022",
        "region": "NSW",
        "c_internalALDIID": "1673",
        "c_locationName": "ALDI Bondi Junction"
    },
    {
        "city": "Ryde",
        "line1": "109-129 Blaxland Road",
        "postcode": "2112",
        "region": "NSW",
        "c_internalALDIID": "0440",
        "c_locationName": "ALDI Ryde"
    },
    {
        "city": "Katoomba",
        "line1": "201-205 Katoomba Street",
        "postcode": "2780",
        "region": "NSW",
        "c_internalALDIID": "0639",
        "c_locationName": "ALDI Katoomba"
    },
    {
        "city": "Ambarvale",
        "line1": "45 Woodhouse Drive",
        "postcode": "2560",
        "region": "NSW",
        "c_internalALDIID": "1109",
        "c_locationName": "ALDI Ambarvale"
    },
    {
        "city": "Mudgee",
        "line1": "97 - 99 Church Street",
        "postcode": "2850",
        "region": "NSW",
        "c_internalALDIID": "0777",
        "c_locationName": "ALDI Mudgee"
    },
    {
        "city": "Lakemba",
        "line1": "212 - 226 Haldon Street",
        "postcode": "2195",
        "region": "NSW",
        "c_internalALDIID": "0491",
        "c_locationName": "ALDI Lakemba"
    },
    {
        "city": "Gunnedah",
        "line1": "185 Conadilly Street",
        "postcode": "2380",
        "region": "NSW",
        "c_internalALDIID": "1942",
        "c_locationName": "ALDI Gunnedah"
    },
    {
        "city": "Albury",
        "line1": "Young Street 617 - 621",
        "postcode": "2640",
        "region": "NSW",
        "c_internalALDIID": "1189",
        "c_locationName": "ALDI Albury"
    },
    {
        "city": "Fairy Meadow",
        "line1": "102 - 110 Princess Highway",
        "postcode": "2519",
        "region": "NSW",
        "c_internalALDIID": "0019",
        "c_locationName": "ALDI Fairy Meadow"
    },
    {
        "city": "Cessnock",
        "line1": "165 - 167 Wollombi Road",
        "postcode": "2325",
        "region": "NSW",
        "c_internalALDIID": "0015",
        "c_locationName": "ALDI Cessnock"
    },
    {
        "city": "Campbelltown",
        "line1": "271 Queen Street",
        "postcode": "2560",
        "region": "NSW",
        "c_internalALDIID": "1894",
        "c_locationName": "ALDI Campbelltown"
    },
    {
        "city": "Miranda",
        "line1": "600 The Kingsway",
        "postcode": "2228",
        "region": "NSW",
        "c_internalALDIID": "0140",
        "c_locationName": "ALDI Miranda"
    },
    {
        "city": "Tweed Heads South",
        "line1": "9 - 11 Machinery Drive",
        "postcode": "2486",
        "region": "NSW",
        "c_internalALDIID": "0240",
        "c_locationName": "ALDI Tweed Heads South"
    },
    {
        "city": "Guildford",
        "line1": "280 - 290 Woodville Road",
        "postcode": "2161",
        "region": "NSW",
        "c_internalALDIID": "1018",
        "c_locationName": "ALDI Guildford"
    },
    {
        "city": "Toukley",
        "line1": "127 Evans St",
        "postcode": "2263",
        "region": "NSW",
        "c_internalALDIID": "1488",
        "c_locationName": "ALDI Toukley"
    },
    {
        "city": "Bankstown",
        "line1": "345 Henry Lawson Drive",
        "postcode": "2200",
        "region": "NSW",
        "c_internalALDIID": "0001",
        "c_locationName": "ALDI Bankstown"
    },
    {
        "city": "Penrith",
        "line1": "High Street 201 - 205",
        "postcode": "2750",
        "region": "NSW",
        "c_internalALDIID": "0067",
        "c_locationName": "ALDI Penrith"
    },
    {
        "city": "Bowral",
        "line1": "5-11 Banyette Street",
        "postcode": "2576",
        "region": "NSW",
        "c_internalALDIID": "0027",
        "c_locationName": "ALDI Bowral"
    },
    {
        "city": "Warriewood",
        "line1": "Jacksons Road 12",
        "postcode": "2102",
        "region": "NSW",
        "c_internalALDIID": "2156",
        "c_locationName": "ALDI Warriewood"
    },
    {
        "city": "Kotara",
        "line1": "30 Northcott Drive",
        "postcode": "2289",
        "region": "NSW",
        "c_internalALDIID": "1642",
        "c_locationName": "ALDI Kotara"
    },
    {
        "city": "Marsden Park",
        "line1": "10 Hollinsworth Road",
        "postcode": "2765",
        "region": "NSW",
        "c_internalALDIID": "1861",
        "c_locationName": "ALDI Marsden Park"
    },
    {
        "city": "Young",
        "line1": "11 Zouch St",
        "postcode": "2594",
        "region": "NSW",
        "c_internalALDIID": "0946",
        "c_locationName": "ALDI Young"
    },
    {
        "city": "Singleton",
        "line1": "17 John Street",
        "postcode": "2330",
        "region": "NSW",
        "c_internalALDIID": "1050",
        "c_locationName": "ALDI Singleton"
    },
    {
        "city": "Wyong",
        "line1": "146 - 148 Pacific Highway",
        "postcode": "2259",
        "region": "NSW",
        "c_internalALDIID": "0898",
        "c_locationName": "ALDI Wyong"
    },
    {
        "city": "Cranebrook",
        "line1": "Borrowdale Way 80 - 98",
        "postcode": "2749",
        "region": "NSW",
        "c_internalALDIID": "1648",
        "c_locationName": "ALDI Cranebrook"
    },
    {
        "city": "Liverpool",
        "line1": "Hoxton Park Road 82",
        "postcode": "2170",
        "region": "NSW",
        "c_internalALDIID": "0045",
        "c_locationName": "ALDI Liverpool"
    },
    {
        "city": "Dural",
        "line1": "Allen Way 22",
        "postcode": "2158",
        "region": "NSW",
        "c_internalALDIID": "0248",
        "c_locationName": "ALDI Dural"
    },
    {
        "city": "Goulburn",
        "line1": "9 - 13 Clinton Lane",
        "postcode": "2580",
        "region": "NSW",
        "c_internalALDIID": "0037",
        "c_locationName": "ALDI Goulburn"
    },
    {
        "city": "Bathurst",
        "line1": "128 Russell Street",
        "postcode": "2795",
        "region": "NSW",
        "c_internalALDIID": "0017",
        "c_locationName": "ALDI Bathurst"
    },
    {
        "city": "Leeton",
        "line1": "Acacia Avenue 1",
        "postcode": "2705",
        "region": "NSW",
        "c_internalALDIID": "2211",
        "c_locationName": "ALDI Leeton"
    },
    {
        "city": "Raymond Terrace",
        "line1": "22 - 32 Port Stephens Road",
        "postcode": "2324",
        "region": "NSW",
        "c_internalALDIID": "0587",
        "c_locationName": "ALDI Raymond Terrace"
    },
    {
        "city": "Fletcher",
        "line1": "1 Britannia Boulevard",
        "postcode": "2287",
        "region": "NSW",
        "c_internalALDIID": "1432",
        "c_locationName": "ALDI Fletcher"
    },
    {
        "city": "Lake Haven",
        "line1": "43 Lakehaven Drive",
        "postcode": "2263",
        "region": "NSW",
        "c_internalALDIID": "1944",
        "c_locationName": "ALDI Lake Haven"
    },
    {
        "city": "Hamilton",
        "line1": "11 Swan Street",
        "postcode": "2303",
        "region": "NSW",
        "c_internalALDIID": "0022",
        "c_locationName": "ALDI Hamilton"
    },
    {
        "city": "Lismore",
        "line1": "44 Ballina Road",
        "postcode": "2480",
        "region": "NSW",
        "c_internalALDIID": "0566",
        "c_locationName": "ALDI Lismore"
    },
    {
        "city": "Yass",
        "line1": "193 Comur Street",
        "postcode": "2582",
        "region": "NSW",
        "c_internalALDIID": "1114",
        "c_locationName": "ALDI Yass"
    },
    {
        "city": "Port Macquarie",
        "line1": "3 Hughes Place",
        "postcode": "2444",
        "region": "NSW",
        "c_internalALDIID": "1603",
        "c_locationName": "ALDI Port Macquarie"
    },
    {
        "city": "Orange",
        "line1": "167 - 177 Peisley Street",
        "postcode": "2800",
        "region": "NSW",
        "c_internalALDIID": "0020",
        "c_locationName": "ALDI Orange"
    },
    {
        "city": "Kempsey",
        "line1": "15 - 33 Belgrave Street",
        "postcode": "2440",
        "region": "NSW",
        "c_internalALDIID": "1665",
        "c_locationName": "ALDI Kempsey"
    },
    {
        "city": "Cowra",
        "line1": "Fitzroy Street 125-131",
        "postcode": "2794",
        "region": "NSW",
        "c_internalALDIID": "0947",
        "c_locationName": "ALDI Cowra"
    },
    {
        "city": "Cardiff",
        "line1": "49 Harrison Street",
        "postcode": "2285",
        "region": "NSW",
        "c_internalALDIID": "1151",
        "c_locationName": "ALDI Cardiff"
    },
    {
        "city": "Blair Athol",
        "line1": "The Kraal Drive 171",
        "postcode": "2560",
        "region": "NSW",
        "c_internalALDIID": "0003",
        "c_locationName": "ALDI Blair Athol"
    },
    {
        "city": "Edgeworth",
        "line1": "57 Thomas Street",
        "postcode": "2285",
        "region": "NSW",
        "c_internalALDIID": "2127",
        "c_locationName": "ALDI Edgeworth"
    },
    {
        "city": "Jerrabomberra",
        "line1": "Ferdinand Lane 9",
        "postcode": "2619",
        "region": "NSW",
        "c_internalALDIID": "2276",
        "c_locationName": "ALDI Jerrabomberra"
    },
    {
        "city": "Edgecliff",
        "line1": "New South Head Road 203 - 233",
        "postcode": "2027",
        "region": "NSW",
        "c_internalALDIID": "0510",
        "c_locationName": "ALDI Edgecliff"
    },
    {
        "city": "Parkes",
        "line1": "11 Caledonia Street",
        "postcode": "2870",
        "region": "NSW",
        "c_internalALDIID": "1088",
        "c_locationName": "ALDI Parkes"
    },
    {
        "city": "Kogarah",
        "line1": "1 / G1 Railway Parade",
        "postcode": "2217",
        "region": "NSW",
        "c_internalALDIID": "1589",
        "c_locationName": "ALDI Kogarah"
    },
    {
        "city": "Rouse Hill",
        "line1": "3 Resolution Place",
        "postcode": "2155",
        "region": "NSW",
        "c_internalALDIID": "0230",
        "c_locationName": "ALDI Rouse Hill"
    },
    {
        "city": "Carnes Hill",
        "line1": "20 Main Street",
        "postcode": "2171",
        "region": "NSW",
        "c_internalALDIID": "0807",
        "c_locationName": "ALDI Carnes Hill"
    },
    {
        "city": "Muswellbrook",
        "line1": "31 Rutherford Road",
        "postcode": "2333",
        "region": "NSW",
        "c_internalALDIID": "1294",
        "c_locationName": "ALDI Muswellbrook"
    },
    {
        "city": "Belmont",
        "line1": "Pacific Highway 510",
        "postcode": "2280",
        "region": "NSW",
        "c_internalALDIID": "0559",
        "c_locationName": "ALDI Belmont"
    },
    {
        "city": "Queanbeyan",
        "line1": "134 - 136 Crawford Street",
        "postcode": "2620",
        "region": "NSW",
        "c_internalALDIID": "0012",
        "c_locationName": "ALDI Queanbeyan"
    },
    {
        "city": "Seven Hills",
        "line1": "Prospec Highway 224",
        "postcode": "2147",
        "region": "NSW",
        "c_internalALDIID": "0504",
        "c_locationName": "ALDI Seven Hills"
    },
    {
        "city": "Dubbo",
        "line1": "176 Talbragar Street",
        "postcode": "2830",
        "region": "NSW",
        "c_internalALDIID": "1820",
        "c_locationName": "ALDI Dubbo"
    },
    {
        "city": "Toormina",
        "line1": "52 Minorie Drive",
        "postcode": "2452",
        "region": "NSW",
        "c_internalALDIID": "1300",
        "c_locationName": "ALDI Toormina"
    },
    {
        "city": "Narooma",
        "line1": "185 / S42 Princes Highway",
        "postcode": "2546",
        "region": "NSW",
        "c_internalALDIID": "2410",
        "c_locationName": "ALDI Narooma"
    },
    {
        "city": "Mittagong",
        "line1": "181 - 183 Old Hume Highway",
        "postcode": "2575",
        "region": "NSW",
        "c_internalALDIID": "0855",
        "c_locationName": "ALDI Mittagong"
    },
    {
        "city": "Mount Kuring-gai",
        "line1": "Nyarra Road, Pacific Highway Cnr",
        "postcode": "2080",
        "region": "NSW",
        "c_internalALDIID": "1344",
        "c_locationName": "ALDI Mount Kuring-gai"
    },
    {
        "city": "Stanhope Gardens",
        "line1": "Sentry Drive 2",
        "postcode": "2768",
        "region": "NSW",
        "c_internalALDIID": "1485",
        "c_locationName": "ALDI Stanhope Gardens"
    },
    {
        "city": "Coffs Harbour",
        "line1": "253 Pacific Highway",
        "postcode": "2450",
        "region": "NSW",
        "c_internalALDIID": "0403",
        "c_locationName": "ALDI Coffs Harbour"
    },
    {
        "city": "Miranda",
        "line1": "Wandella Road 14 - 16",
        "postcode": "2228",
        "region": "NSW",
        "c_internalALDIID": "1393",
        "c_locationName": "ALDI Miranda"
    },
    {
        "city": "Mona Vale",
        "line1": "13 Bungan Street",
        "postcode": "2103",
        "region": "NSW",
        "c_internalALDIID": "0856",
        "c_locationName": "ALDI Mona Vale"
    },
    {
        "city": "Nowra",
        "line1": "8 - 16 Kinghorne Street",
        "postcode": "2541",
        "region": "NSW",
        "c_internalALDIID": "0008",
        "c_locationName": "ALDI Nowra"
    },
    {
        "city": "Lithgow",
        "line1": "2 Valley Drive",
        "postcode": "2790",
        "region": "NSW",
        "c_internalALDIID": "0029",
        "c_locationName": "ALDI Lithgow"
    },
    {
        "city": "Richmond",
        "line1": "128 Windsor Street",
        "postcode": "2753",
        "region": "NSW",
        "c_internalALDIID": "0042",
        "c_locationName": "ALDI Richmond"
    },
    {
        "city": "Chullora",
        "line1": "355 - 357 Waterloo Road",
        "postcode": "2190",
        "region": "NSW",
        "c_internalALDIID": "1631",
        "c_locationName": "ALDI Chullora"
    },
    {
        "city": "Goonellabah",
        "line1": "15 Simeoni Drive",
        "postcode": "2480",
        "region": "NSW",
        "c_internalALDIID": "2034",
        "c_locationName": "ALDI Goonellabah"
    },
    {
        "city": "Penrith",
        "line1": "High Street 585",
        "postcode": "2750",
        "region": "NSW",
        "c_internalALDIID": "1783",
        "c_locationName": "ALDI Penrith"
    },
    {
        "city": "Gladesville",
        "line1": "413 - 417 Victoria Road",
        "postcode": "2111",
        "region": "NSW",
        "c_internalALDIID": "1808",
        "c_locationName": "ALDI Gladesville"
    },
    {
        "city": "Hurstville",
        "line1": "A1 Cross Street, Park Road",
        "postcode": "2220",
        "region": "NSW",
        "c_internalALDIID": "0057",
        "c_locationName": "ALDI Hurstville"
    },
    {
        "city": "East Maitland",
        "line1": "18 - 20 Garnett Road",
        "postcode": "2323",
        "region": "NSW",
        "c_internalALDIID": "0565",
        "c_locationName": "ALDI East Maitland"
    },
    {
        "city": "Mount Druitt",
        "line1": "16 Zoe Place",
        "postcode": "2770",
        "region": "NSW",
        "c_internalALDIID": "0041",
        "c_locationName": "ALDI Mount Druitt"
    },
    {
        "city": "Batemans Bay",
        "line1": "Perry Street 1",
        "postcode": "2536",
        "region": "NSW",
        "c_internalALDIID": "0144",
        "c_locationName": "ALDI Batemans Bay"
    },
    {
        "city": "St Marys",
        "line1": "410 - 422 Great Western Highway",
        "postcode": "2760",
        "region": "NSW",
        "c_internalALDIID": "0025",
        "c_locationName": "ALDI St Marys"
    },
    {
        "city": "Bonnyrigg",
        "line1": "Cabramatta Road 718",
        "postcode": "2177",
        "region": "NSW",
        "c_internalALDIID": "0011",
        "c_locationName": "ALDI Bonnyrigg"
    },
    {
        "city": "North Kellyville",
        "line1": "Hezlett Road 10",
        "postcode": "2155",
        "region": "NSW",
        "c_internalALDIID": "2192",
        "c_locationName": "ALDI North Kellyville"
    }
]