[
    {
        "city": "Thornleigh",
        "line1": "Pennant Hills Road 275 - 291",
        "postcode": "2120",
        "region": "NSW",
        "c_internalALDIID": "0962",
        "c_locationName": "ALDI Thornleigh"
    },
    {
        "city": "Broadway",
        "line1": "1 Bay Street",
        "postcode": "2007",
        "region": "NSW",
        "c_internalALDIID": "1769",
        "c_locationName": "ALDI Broadway"
    },
    {
        "city": "Umina Beach",
        "line1": "310 Trafalgar Ave",
        "postcode": "2257",
        "region": "NSW",
        "c_internalALDIID": "1395",
        "c_locationName": "ALDI Umina Beach"
    },
    {
        "city": "Frenchs Forest",
        "line1": "20 Forest Way",
        "postcode": "2086",
        "region": "NSW",
        "c_internalALDIID": "1792",
        "c_locationName": "ALDI Frenchs Forest"
    },
    {
        "city": "Liverpool",
        "line1": "165 - 191 Macquarie Street",
        "postcode": "2170",
        "region": "NSW",
        "c_internalALDIID": "1731",
        "c_locationName": "ALDI Liverpool"
    },
    {
        "city": "Wentworthville",
        "line1": "Great Western Highway 331 - 339",
        "postcode": "2145",
        "region": "NSW",
        "c_internalALDIID": "0314",
        "c_locationName": "ALDI Wentworthville"
    },
    {
        "city": "Warrawong",
        "line1": "45 Cowper Street",
        "postcode": "2502",
        "region": "NSW",
        "c_internalALDIID": "1516",
        "c_locationName": "ALDI Warrawong"
    },
    {
        "city": "Miller",
        "line1": "Cartwright Avenue 90",
        "postcode": "2168",
        "region": "NSW",
        "c_internalALDIID": "2133",
        "c_locationName": "ALDI Miller"
    },
    {
        "city": "North Rocks",
        "line1": "North Rocks Road 328 - 336",
        "postcode": "2151",
        "region": "NSW",
        "c_internalALDIID": "0424",
        "c_locationName": "ALDI North Rocks"
    },
    {
        "city": "Bankstown",
        "line1": "440 - 450 Chapel Road",
        "postcode": "2200",
        "region": "NSW",
        "c_internalALDIID": "0024",
        "c_locationName": "ALDI Bankstown"
    },
    {
        "city": "Mount Annan",
        "line1": "Main Street 6-8",
        "postcode": "2567",
        "region": "NSW",
        "c_internalALDIID": "0023",
        "c_locationName": "ALDI Mount Annan"
    },
    {
        "city": "Warilla",
        "line1": "43 - 57 Shellharbour Road",
        "postcode": "2528",
        "region": "NSW",
        "c_internalALDIID": "1902",
        "c_locationName": "ALDI Warilla"
    },
    {
        "city": "Macquarie Fields",
        "line1": "61 Victoria Road",
        "postcode": "2564",
        "region": "NSW",
        "c_internalALDIID": "1017",
        "c_locationName": "ALDI Macquarie Fields"
    },
    {
        "city": "Vincentia",
        "line1": "8 Moona Creek Road",
        "postcode": "2540",
        "region": "NSW",
        "c_internalALDIID": "1279",
        "c_locationName": "ALDI Vincentia"
    },
    {
        "city": "Shellharbour",
        "line1": "5 Holm Place",
        "postcode": "2529",
        "region": "NSW",
        "c_internalALDIID": "0010",
        "c_locationName": "ALDI Shellharbour"
    },
    {
        "city": "Quakers Hill",
        "line1": "85 Bali Drive",
        "postcode": "2763",
        "region": "NSW",
        "c_internalALDIID": "0004",
        "c_locationName": "ALDI Quakers Hill"
    },
    {
        "city": "Leichhardt",
        "line1": "Marion Street, Flood Street Shop 21A",
        "postcode": "2040",
        "region": "NSW",
        "c_internalALDIID": "0695",
        "c_locationName": "ALDI Leichhardt"
    },
    {
        "city": "Glenfield Park",
        "line1": "Tanda Place 12",
        "postcode": "2650",
        "region": "NSW",
        "c_internalALDIID": "1084",
        "c_locationName": "ALDI Glenfield Park"
    },
    {
        "city": "Villawood",
        "line1": "2 Villawood Road",
        "postcode": "2163",
        "region": "NSW",
        "c_internalALDIID": "0006",
        "c_locationName": "ALDI Villawood"
    },
    {
        "city": "Fairfield West",
        "line1": "370 Hamilton Road",
        "postcode": "2165",
        "region": "NSW",
        "c_internalALDIID": "0005",
        "c_locationName": "ALDI Fairfield West"
    },
    {
        "city": "Westleigh",
        "line1": "4/8 Eucalyptus Drive",
        "postcode": "2120",
        "region": "NSW",
        "c_internalALDIID": "1943",
        "c_locationName": "ALDI Westleigh"
    },
    {
        "city": "Wolli Creek",
        "line1": "Magdalene Terrace 4",
        "postcode": "2205",
        "region": "NSW",
        "c_internalALDIID": "1570",
        "c_locationName": "ALDI Wolli Creek"
    },
    {
        "city": "Rutherford",
        "line1": "3 Hillview Street",
        "postcode": "2320",
        "region": "NSW",
        "c_internalALDIID": "0572",
        "c_locationName": "ALDI Rutherford"
    },
    {
        "city": "Glenmore Park",
        "line1": "Town Terrace 1",
        "postcode": "2745",
        "region": "NSW",
        "c_internalALDIID": "1634",
        "c_locationName": "ALDI Glenmore Park"
    },
    {
        "city": "Dee Why",
        "line1": "Pacific Parade 15 - 19",
        "postcode": "2099",
        "region": "NSW",
        "c_internalALDIID": "1702",
        "c_locationName": "ALDI Dee Why"
    },
    {
        "city": "Bass Hill",
        "line1": "753 Hume Highway",
        "postcode": "2197",
        "region": "NSW",
        "c_internalALDIID": "1737",
        "c_locationName": "ALDI Bass Hill"
    },
    {
        "city": "Ballina",
        "line1": "2 North Creek Road",
        "postcode": "2478",
        "region": "NSW",
        "c_internalALDIID": "0310",
        "c_locationName": "ALDI Ballina"
    },
    {
        "city": "Mount Hutton",
        "line1": "4 Dunkley Parade",
        "postcode": "2290",
        "region": "NSW",
        "c_internalALDIID": "1002",
        "c_locationName": "ALDI Mount Hutton"
    },
    {
        "city": "Green Point",
        "line1": "Cnr Avoca Drive, Bayside Drive",
        "postcode": "2251",
        "region": "NSW",
        "c_internalALDIID": "0929",
        "c_locationName": "ALDI Green Point"
    },
    {
        "city": "Ulladulla",
        "line1": "23 Boree Street",
        "postcode": "2539",
        "region": "NSW",
        "c_internalALDIID": "0028",
        "c_locationName": "ALDI Ulladulla"
    },
    {
        "city": "Wyoming",
        "line1": "489 Pacific Highway",
        "postcode": "2250",
        "region": "NSW",
        "c_internalALDIID": "0058",
        "c_locationName": "ALDI Wyoming"
    },
    {
        "city": "Marrickville",
        "line1": "Smidmore Street 20",
        "postcode": "2204",
        "region": "NSW",
        "c_internalALDIID": "0002",
        "c_locationName": "ALDI Marrickville"
    },
    {
        "city": "Mayfield",
        "line1": "230 Maitland Road",
        "postcode": "2304",
        "region": "NSW",
        "c_internalALDIID": "1793",
        "c_locationName": "ALDI Mayfield"
    },
    {
        "city": "Tweed Mall",
        "line1": "16 - 32 Wharf Street",
        "postcode": "2485",
        "region": "NSW",
        "c_internalALDIID": "2450",
        "c_locationName": "ALDI Tweed Mall"
    },
    {
        "city": "Albion Park",
        "line1": "Ash Avenue 10",
        "postcode": "2527",
        "region": "NSW",
        "c_internalALDIID": "1113",
        "c_locationName": "ALDI Albion Park"
    },
    {
        "city": "Cooma",
        "line1": "18 Hilton Street",
        "postcode": "2630",
        "region": "NSW",
        "c_internalALDIID": "1177",
        "c_locationName": "ALDI Cooma"
    },
    {
        "city": "Minto",
        "line1": "Pembroke Road",
        "postcode": "2566",
        "region": "NSW",
        "c_internalALDIID": "0032",
        "c_locationName": "ALDI Minto"
    },
    {
        "city": "Wallsend",
        "line1": "Kokera Street 32",
        "postcode": "2287",
        "region": "NSW",
        "c_internalALDIID": "0009",
        "c_locationName": "ALDI Wallsend"
    },
    {
        "city": "Brookvale",
        "line1": "Cross Street 3 - 5",
        "postcode": "2100",
        "region": "NSW",
        "c_internalALDIID": "0035",
        "c_locationName": "ALDI Brookvale"
    },
    {
        "city": "Drummoyne",
        "line1": "19 A Roseby Street",
        "postcode": "2047",
        "region": "NSW",
        "c_internalALDIID": "1767",
        "c_locationName": "ALDI Drummoyne"
    },
    {
        "city": "Bateau Bay",
        "line1": "12 / M01 Bay Village Road",
        "postcode": "2261",
        "region": "NSW",
        "c_internalALDIID": "0204",
        "c_locationName": "ALDI Bateau Bay"
    },
    {
        "city": "Maroubra",
        "line1": "Anzac Parade 707 - 751",
        "postcode": "2035",
        "region": "NSW",
        "c_internalALDIID": "0051",
        "c_locationName": "ALDI Maroubra"
    },
    {
        "city": "Emu Plains",
        "line1": "1 Pyramid Street",
        "postcode": "2750",
        "region": "NSW",
        "c_internalALDIID": "0043",
        "c_locationName": "ALDI Emu Plains"
    },
    {
        "city": "Ashfield",
        "line1": "Liverpool Road 260 A",
        "postcode": "2131",
        "region": "NSW",
        "c_internalALDIID": "1770",
        "c_locationName": "ALDI Ashfield"
    },
    {
        "city": "Erina",
        "line1": "620 - 658 Terrigal Drive",
        "postcode": "2250",
        "region": "NSW",
        "c_internalALDIID": "0525",
        "c_locationName": "ALDI Erina"
    },
    {
        "city": "Galston",
        "line1": "346 Galston Road",
        "postcode": "2159",
        "region": "NSW",
        "c_internalALDIID": "2060",
        "c_locationName": "ALDI Galston"
    },
    {
        "city": "North Sydney",
        "line1": "Mount Street 99",
        "postcode": "2059",
        "region": "NSW",
        "c_internalALDIID": "0295",
        "c_locationName": "ALDI North Sydney"
    },
    {
        "city": "Grafton",
        "line1": "163 - 169 Prince Street",
        "postcode": "2460",
        "region": "NSW",
        "c_internalALDIID": "0383",
        "c_locationName": "ALDI Grafton"
    },
    {
        "city": "Toronto",
        "line1": "189 - 197 Brighton Ave",
        "postcode": "2283",
        "region": "NSW",
        "c_internalALDIID": "0669",
        "c_locationName": "ALDI Toronto"
    },
    {
        "city": "Macquarie Park",
        "line1": "Herring Road 197/223",
        "postcode": "2113",
        "region": "NSW",
        "c_internalALDIID": "1654",
        "c_locationName": "ALDI Macquarie Park"
    }
]