{
    "state": "qld",
    "store_count": 117,
    "stores": [
        {
            "city": "Drewvale",
            "line1": "27 Illaweena St",
            "postcode": "4116",
            "region": "QLD",
            "c_internalALDIID": "2049",
            "c_locationName": "ALDI Drewvale"
        },
        {
            "city": "Kippa Ring",
            "line1": "212 Anzac Avenue",
            "postcode": "4021",
            "region": "QLD",
            "c_internalALDIID": "0402",
            "c_locationName": "ALDI Kippa Ring"
        },
        {
            "city": "Albany Creek",
            "line1": "630-636 Albany Creek Road",
            "postcode": "4035",
            "region": "QLD",
            "c_internalALDIID": "0864",
            "c_locationName": "ALDI Albany Creek"
        },
        {
            "city": "Beerwah",
            "line1": "78 Simpson Street",
            "postcode": "4519",
            "region": "QLD",
            "c_internalALDIID": "1339",
            "c_locationName": "ALDI Beerwah"
        },
        {
            "city": "Sandgate",
            "line1": "47 Brighton Road",
            "postcode": "4017",
            "region": "QLD",
            "c_internalALDIID": "1660",
            "c_locationName": "ALDI Sandgate"
        },
        {
            "city": "Mudgeeraba",
            "line1": "3 Robert St",
            "postcode": "4213",
            "region": "QLD",
            "c_internalALDIID": "0917",
            "c_locationName": "ALDI Mudgeeraba"
        },
        {
            "city": "Springwood",
            "line1": "3434 Pacific Highway",
            "postcode": "4127",
            "region": "QLD",
            "c_internalALDIID": "0629",
            "c_locationName": "ALDI Springwood"
        },
        {
            "city": "Coorparoo",
            "line1": "300 Old Cleveland Road",
            "postcode": "4151",
            "region": "QLD",
            "c_internalALDIID": "2163",
            "c_locationName": "ALDI Coorparoo"
        },
        {
            "city": "Forest Lake",
            "line1": "235 / M3 Forest Lake Boulevard",
            "postcode": "4078",
            "region": "QLD",
            "c_internalALDIID": "0244",
            "c_locationName": "ALDI Forest Lake"
        },
        {
            "city": "Gladstone",
            "line1": "52-54 Boles Street",
            "postcode": "4680",
            "region": "QLD",
            "c_internalALDIID": "1893",
            "c_locationName": "ALDI Gladstone"
        },
        {
            "city": "Yamanto",
            "line1": "475 - 481 Warwick Road",
            "postcode": "4305",
            "region": "QLD",
            "c_internalALDIID": "0301",
            "c_locationName": "ALDI Yamanto"
        },
        {
            "city": "Inala",
            "line1": "156 Inala Avenue",
            "postcode": "4077",
            "region": "QLD",
            "c_internalALDIID": "2321",
            "c_locationName": "ALDI Inala"
        },
        {
            "city": "Oxley",
            "line1": "146 Blunder Road",
            "postcode": "4075",
            "region": "QLD",
            "c_internalALDIID": "0235",
            "c_locationName": "ALDI Oxley"
        },
        {
            "city": "Bethania",
            "line1": "1 Fletcher Street",
            "postcode": "4205",
            "region": "QLD",
            "c_internalALDIID": "1430",
            "c_locationName": "ALDI Bethania"
        },
        {
            "city": "Molendinar",
            "line1": "562 Olsen Avenue",
            "postcode": "4214",
            "region": "QLD",
            "c_internalALDIID": "1859",
            "c_locationName": "ALDI Molendinar"
        },
        {
            "city": "Kallangur",
            "line1": "15 - 27 Goodfellows Road",
            "postcode": "4503",
            "region": "QLD",
            "c_internalALDIID": "1009",
            "c_locationName": "ALDI Kallangur"
        },
        {
            "city": "Sunshine Cove",
            "line1": "20 Flinders Lane",
            "postcode": "4558",
            "region": "QLD",
            "c_internalALDIID": "2160",
            "c_locationName": "ALDI Sunshine Cove"
        },
        {
            "city": "Bald Hills",
            "line1": "1905 Gympie Road",
            "postcode": "4036",
            "region": "QLD",
            "c_internalALDIID": "0072",
            "c_locationName": "ALDI Bald Hills"
        },
        {
            "city": "Kearneys Spring",
            "line1": "322-328 Stenner Street",
            "postcode": "4350",
            "region": "QLD",
            "c_internalALDIID": "0410",
            "c_locationName": "ALDI Kearneys Spring"
        },
        {
            "city": "Stafford",
            "line1": "400 Stafford Road",
            "postcode": "4053",
            "region": "QLD",
            "c_internalALDIID": "1661",
            "c_locationName": "ALDI Stafford"
        },
        {
            "city": "Meridan Plains",
            "line1": "238 Parklands Boulevard",
            "postcode": "4551",
            "region": "QLD",
            "c_internalALDIID": "1999",
            "c_locationName": "ALDI Meridan Plains"
        },
        {
            "city": "Bribie Island",
            "line1": "132-150 Goodwin Drive",
            "postcode": "4507",
            "region": "QLD",
            "c_internalALDIID": "0759",
            "c_locationName": "ALDI Bribie Island"
        },
        {
            "city": "Caloundra",
            "line1": "2 Baldwin Street",
            "postcode": "4551",
            "region": "QLD",
            "c_internalALDIID": "0648",
            "c_locationName": "ALDI Caloundra"
        },
        {
            "city": "Strathpine",
            "line1": "295 Gympie Road",
            "postcode": "4500",
            "region": "QLD",
            "c_internalALDIID": "0167",
            "c_locationName": "ALDI Strathpine"
        },
        {
            "city": "Stanthorpe",
            "line1": "2-4 Davadi Street",
            "postcode": "4380",
            "region": "QLD",
            "c_internalALDIID": "1979",
            "c_locationName": "ALDI Stanthorpe"
        },
        {
            "city": "Urangan",
            "line1": "19 Cartwright Court",
            "postcode": "4655",
            "region": "QLD",
            "c_internalALDIID": "1847",
            "c_locationName": "ALDI Urangan"
        },
        {
            "city": "Birtinya",
            "line1": "8 The Avenue",
            "postcode": "4575",
            "region": "QLD",
            "c_internalALDIID": "2438",
            "c_locationName": "ALDI Birtinya"
        },
        {
            "city": "Fortitude Valley",
            "line1": "650 Wickham Street",
            "postcode": "4006",
            "region": "QLD",
            "c_internalALDIID": "1797",
            "c_locationName": "ALDI Fortitude Valley"
        },
        {
            "city": "Sunnybank Hills",
            "line1": "661 Compton Road",
            "postcode": "4109",
            "region": "QLD",
            "c_internalALDIID": "0841",
            "c_locationName": "ALDI Sunnybank Hills"
        },
        {
            "city": "Kepnock",
            "line1": "153 Greathead Road",
            "postcode": "4670",
            "region": "QLD",
            "c_internalALDIID": "1439",
            "c_locationName": "ALDI Kepnock"
        },
        {
            "city": "Buddina",
            "line1": "Point Cartwright Drive 119",
            "postcode": "4575",
            "region": "QLD",
            "c_internalALDIID": "1676",
            "c_locationName": "ALDI Buddina"
        },
        {
            "city": "Carindale",
            "line1": "1154 Creek Road",
            "postcode": "4152",
            "region": "QLD",
            "c_internalALDIID": "0169",
            "c_locationName": "ALDI Carindale"
        },
        {
            "city": "Bundaberg",
            "line1": "19 Maryborough Street",
            "postcode": "4670",
            "region": "QLD",
            "c_internalALDIID": "2201",
            "c_locationName": "ALDI Bundaberg"
        },
        {
            "city": "Loganholme",
            "line1": "3828 Pacific Highway",
            "postcode": "4129",
            "region": "QLD",
            "c_internalALDIID": "0286",
            "c_locationName": "ALDI Loganholme"
        },
        {
            "city": "North Ipswich",
            "line1": "The Terrace",
            "postcode": "4305",
            "region": "QLD",
            "c_internalALDIID": "0862",
            "c_locationName": "ALDI North Ipswich"
        },
        {
            "city": "Victoria Point",
            "line1": "11 - 17 Bunker Road",
            "postcode": "4165",
            "region": "QLD",
            "c_internalALDIID": "0239",
            "c_locationName": "ALDI Victoria Point"
        },
        {
            "city": "Labrador",
            "line1": "147 Central Street",
            "postcode": "4215",
            "region": "QLD",
            "c_internalALDIID": "0080",
            "c_locationName": "ALDI Labrador"
        },
        {
            "city": "Brassall",
            "line1": "68 Hunter Street",
            "postcode": "4305",
            "region": "QLD",
            "c_internalALDIID": "2320",
            "c_locationName": "ALDI Brassall"
        },
        {
            "city": "Burpengary",
            "line1": "172 Station Road",
            "postcode": "4505",
            "region": "QLD",
            "c_internalALDIID": "0073",
            "c_locationName": "ALDI Burpengary"
        },
        {
            "city": "Varsity Lakes",
            "line1": "1 South Bay Drive",
            "postcode": "4227",
            "region": "QLD",
            "c_internalALDIID": "1727",
            "c_locationName": "ALDI Varsity Lakes"
        },
        {
            "city": "Mermaid Waters",
            "line1": "14 Allandale Entrance",
            "postcode": "4218",
            "region": "QLD",
            "c_internalALDIID": "0378",
            "c_locationName": "ALDI Mermaid Waters"
        },
        {
            "city": "Helensvale",
            "line1": "1 - 29 Millaroo Drive",
            "postcode": "4212",
            "region": "QLD",
            "c_internalALDIID": "0168",
            "c_locationName": "ALDI Helensvale"
        },
        {
            "city": "Noosaville",
            "line1": "Weyba Road 201",
            "postcode": "4566",
            "region": "QLD",
            "c_internalALDIID": "0625",
            "c_locationName": "ALDI Noosaville"
        },
        {
            "city": "Bargara",
            "line1": "699 Bargara Road",
            "postcode": "4670",
            "region": "QLD",
            "c_internalALDIID": "2332",
            "c_locationName": "ALDI Bargara"
        },
        {
            "city": "Miami",
            "line1": "2023 - 203 Gold Coast Highway",
            "postcode": "4220",
            "region": "QLD",
            "c_internalALDIID": "2033",
            "c_locationName": "ALDI Miami"
        },
        {
            "city": "Morayfield",
            "line1": "14-24 Dickson Road",
            "postcode": "4506",
            "region": "QLD",
            "c_internalALDIID": "0608",
            "c_locationName": "ALDI Morayfield"
        },
        {
            "city": "Ashgrove",
            "line1": "30 Harry Street",
            "postcode": "4060",
            "region": "QLD",
            "c_internalALDIID": "0668",
            "c_locationName": "ALDI Ashgrove"
        },
        {
            "city": "West End",
            "line1": "335 Montague Road",
            "postcode": "4101",
            "region": "QLD",
            "c_internalALDIID": "1700",
            "c_locationName": "ALDI West End"
        },
        {
            "city": "Salisbury",
            "line1": "271 Orange Grove Road",
            "postcode": "4107",
            "region": "QLD",
            "c_internalALDIID": "0077",
            "c_locationName": "ALDI Salisbury"
        },
        {
            "city": "The Gap",
            "line1": "17 Glen Affric Street",
            "postcode": "4061",
            "region": "QLD",
            "c_internalALDIID": "1987",
            "c_locationName": "ALDI The Gap"
        },
        {
            "city": "Warwick",
            "line1": "65 - 71 Fitzroy Street",
            "postcode": "4370",
            "region": "QLD",
            "c_internalALDIID": "0696",
            "c_locationName": "ALDI Warwick"
        },
        {
            "city": "Springfield Central",
            "line1": "1 Main Street",
            "postcode": "4300",
            "region": "QLD",
            "c_internalALDIID": "0679",
            "c_locationName": "ALDI Springfield Central"
        },
        {
            "city": "North Lakes",
            "line1": "1 North Lakes Drive",
            "postcode": "4509",
            "region": "QLD",
            "c_internalALDIID": "2239",
            "c_locationName": "ALDI North Lakes"
        },
        {
            "city": "Highfields",
            "line1": "73 Highfields Road",
            "postcode": "4352",
            "region": "QLD",
            "c_internalALDIID": "2331",
            "c_locationName": "ALDI Highfields"
        },
        {
            "city": "Deception Bay",
            "line1": "Deception Bay Road 428-438",
            "postcode": "4508",
            "region": "QLD",
            "c_internalALDIID": "0888",
            "c_locationName": "ALDI Deception Bay"
        },
        {
            "city": "Hervey Bay",
            "line1": "103 - 115 Main Street",
            "postcode": "4655",
            "region": "QLD",
            "c_internalALDIID": "0494",
            "c_locationName": "ALDI Hervey Bay"
        },
        {
            "city": "Lutwyche",
            "line1": "543 Lutwyche Road",
            "postcode": "4030",
            "region": "QLD",
            "c_internalALDIID": "2446",
            "c_locationName": "ALDI Lutwyche"
        },
        {
            "city": "Mt Gravatt East",
            "line1": "489 Creek Road",
            "postcode": "4122",
            "region": "QLD",
            "c_internalALDIID": "1772",
            "c_locationName": "ALDI Mt Gravatt East"
        },
        {
            "city": "Maroochydore",
            "line1": "102 Aerodrome Road",
            "postcode": "4558",
            "region": "QLD",
            "c_internalALDIID": "1496",
            "c_locationName": "ALDI Maroochydore"
        },
        {
            "city": "Booval",
            "line1": "22 South Station Road",
            "postcode": "4304",
            "region": "QLD",
            "c_internalALDIID": "0321",
            "c_locationName": "ALDI Booval"
        },
        {
            "city": "Elanora",
            "line1": "30 Guineas Creek Road",
            "postcode": "4221",
            "region": "QLD",
            "c_internalALDIID": "1619",
            "c_locationName": "ALDI Elanora"
        },
        {
            "city": "Harlaxton",
            "line1": "1 - 7 Parrot Street",
            "postcode": "4350",
            "region": "QLD",
            "c_internalALDIID": "1695",
            "c_locationName": "ALDI Harlaxton"
        },
        {
            "city": "Darra",
            "line1": "Monier Road 166",
            "postcode": "4076",
            "region": "QLD",
            "c_internalALDIID": "1722",
            "c_locationName": "ALDI Darra"
        },
        {
            "city": "Redbank",
            "line1": "1 Collingwood Drive",
            "postcode": "4031",
            "region": "QLD",
            "c_internalALDIID": "1643",
            "c_locationName": "ALDI Redbank"
        },
        {
            "city": "North Lakes",
            "line1": "48 North Lakes Drive",
            "postcode": "4509",
            "region": "QLD",
            "c_internalALDIID": "2161",
            "c_locationName": "ALDI North Lakes"
        },
        {
            "city": "Allenstown",
            "line1": "167 Gladstone Road",
            "postcode": "4700",
            "region": "QLD",
            "c_internalALDIID": "2362",
            "c_locationName": "ALDI Allenstown"
        },
        {
            "city": "Kenmore",
            "line1": "795 Moggill Road",
            "postcode": "4069",
            "region": "QLD",
            "c_internalALDIID": "1666",
            "c_locationName": "ALDI Kenmore"
        },
        {
            "city": "Arana Hills",
            "line1": "5-11 Patricks Road",
            "postcode": "4054",
            "region": "QLD",
            "c_internalALDIID": "1681",
            "c_locationName": "ALDI Arana Hills"
        },
        {
            "city": "Upper Coomera",
            "line1": "21 Coomera Grand Drive",
            "postcode": "4209",
            "region": "QLD",
            "c_internalALDIID": "1291",
            "c_locationName": "ALDI Upper Coomera"
        },
        {
            "city": "Southport",
            "line1": "163-171 Ferry Road",
            "postcode": "4215",
            "region": "QLD",
            "c_internalALDIID": "0398",
            "c_locationName": "ALDI Southport"
        },
        {
            "city": "Nambour",
            "line1": "125 Howard Street",
            "postcode": "4560",
            "region": "QLD",
            "c_internalALDIID": "1620",
            "c_locationName": "ALDI Nambour"
        },
        {
            "city": "Clontarf",
            "line1": "10-22 Hornibrook Esplanade",
            "postcode": "4019",
            "region": "QLD",
            "c_internalALDIID": "1976",
            "c_locationName": "ALDI Clontarf"
        },
        {
            "city": "Acacia Ridge",
            "line1": "Beaudesert Road 1150",
            "postcode": "4110",
            "region": "QLD",
            "c_internalALDIID": "1708",
            "c_locationName": "ALDI Acacia Ridge"
        },
        {
            "city": "Tingalpa",
            "line1": "1799 Wynnum Road",
            "postcode": "4173",
            "region": "QLD",
            "c_internalALDIID": "0263",
            "c_locationName": "ALDI Tingalpa"
        },
        {
            "city": "Taigum",
            "line1": "330 Roghan Road",
            "postcode": "4018",
            "region": "QLD",
            "c_internalALDIID": "1574",
            "c_locationName": "ALDI Taigum"
        },
        {
            "city": "Beaudesert",
            "line1": "155 - 161 Brisbane Street",
            "postcode": "4285",
            "region": "QLD",
            "c_internalALDIID": "0716",
            "c_locationName": "ALDI Beaudesert"
        },
        {
            "city": "Caboolture",
            "line1": "147 King Street",
            "postcode": "4510",
            "region": "QLD",
            "c_internalALDIID": "2206",
            "c_locationName": "ALDI Caboolture"
        },
        {
            "city": "Marsden",
            "line1": "50 - 58 Bourke Street",
            "postcode": "4132",
            "region": "QLD",
            "c_internalALDIID": "0889",
            "c_locationName": "ALDI Marsden"
        },
        {
            "city": "Underwood",
            "line1": "21 Kingston Road",
            "postcode": "4119",
            "region": "QLD",
            "c_internalALDIID": "1522",
            "c_locationName": "ALDI Underwood"
        },
        {
            "city": "Nerang",
            "line1": "Station Street 57",
            "postcode": "4211",
            "region": "QLD",
            "c_internalALDIID": "0425",
            "c_locationName": "ALDI Nerang"
        },
        {
            "city": "Upper Mount Gravatt",
            "line1": "2049 Logan Road",
            "postcode": "4122",
            "region": "QLD",
            "c_internalALDIID": "1557",
            "c_locationName": "ALDI Upper Mount Gravatt"
        },
        {
            "city": "Mount Ommaney",
            "line1": "171 Dandenong Road",
            "postcode": "4074",
            "region": "QLD",
            "c_internalALDIID": "1069",
            "c_locationName": "ALDI Mount Ommaney"
        },
        {
            "city": "Slacks Creek",
            "line1": "392 Kingston Road",
            "postcode": "4127",
            "region": "QLD",
            "c_internalALDIID": "0085",
            "c_locationName": "ALDI Slacks Creek"
        },
        {
            "city": "Hope Island",
            "line1": "99 - 103 Broadwater Avenue",
            "postcode": "4212",
            "region": "QLD",
            "c_internalALDIID": "2194",
            "c_locationName": "ALDI Hope Island"
        },
        {
            "city": "Kelvin Grove",
            "line1": "Bishop Street 12",
            "postcode": "4059",
            "region": "QLD",
            "c_internalALDIID": "1281",
            "c_locationName": "ALDI Kelvin Grove"
        },
        {
            "city": "Alexandra Hills",
            "line1": "157 - 169 Finucane Road",
            "postcode": "4161",
            "region": "QLD",
            "c_internalALDIID": "0871",
            "c_locationName": "ALDI Alexandra Hills"
        },
        {
            "city": "Stones Corner",
            "line1": "Logan Road 405",
            "postcode": "4120",
            "region": "QLD",
            "c_internalALDIID": "1583",
            "c_locationName": "ALDI Stones Corner"
        },
        {
            "city": "Cannon Hill",
            "line1": "1145 Wynnum Road",
            "postcode": "4170",
            "region": "QLD",
            "c_internalALDIID": "1725",
            "c_locationName": "ALDI Cannon Hill"
        },
        {
            "city": "Chermside",
            "line1": "628 Gympie Road",
            "postcode": "4032",
            "region": "QLD",
            "c_internalALDIID": "0076",
            "c_locationName": "ALDI Chermside"
        },
        {
            "city": "Gympie",
            "line1": "43-47 Hyne Street",
            "postcode": "4570",
            "region": "QLD",
            "c_internalALDIID": "0320",
            "c_locationName": "ALDI Gympie"
        },
        {
            "city": "Dalby",
            "line1": "34 Archibald Street",
            "postcode": "4405",
            "region": "QLD",
            "c_internalALDIID": "2365",
            "c_locationName": "ALDI Dalby"
        },
        {
            "city": "Fairfield Gardens",
            "line1": "180 Fairfield Road",
            "postcode": "4103",
            "region": "QLD",
            "c_internalALDIID": "2345",
            "c_locationName": "ALDI Fairfield Gardens"
        },
        {
            "city": "Aspley",
            "line1": "Albany Creek Road 59",
            "postcode": "4034",
            "region": "QLD",
            "c_internalALDIID": "1752",
            "c_locationName": "ALDI Aspley"
        },
        {
            "city": "Oxenford",
            "line1": "2 Global Plaza",
            "postcode": "4210",
            "region": "QLD",
            "c_internalALDIID": "1720",
            "c_locationName": "ALDI Oxenford"
        },
        {
            "city": "Warner",
            "line1": "353 - 355 Samsonvale Road",
            "postcode": "4500",
            "region": "QLD",
            "c_internalALDIID": "1860",
            "c_locationName": "ALDI Warner"
        },
        {
            "city": "Mountain Creek",
            "line1": "69-79 Attenuata Drive",
            "postcode": "4557",
            "region": "QLD",
            "c_internalALDIID": "1759",
            "c_locationName": "ALDI Mountain Creek"
        },
        {
            "city": "Morayfield Supercentre",
            "line1": "321-344 Morayfield Road",
            "postcode": "4506",
            "region": "QLD",
            "c_internalALDIID": "2202",
            "c_locationName": "ALDI Morayfield Supercentre"
        },
        {
            "city": "Gatton",
            "line1": "7 Ballantine Street",
            "postcode": "4343",
            "region": "QLD",
            "c_internalALDIID": "1282",
            "c_locationName": "ALDI Gatton"
        },
        {
            "city": "Redbank Plains",
            "line1": "389 Redbank Plain Road",
            "postcode": "4301",
            "region": "QLD",
            "c_internalALDIID": "2147",
            "c_locationName": "ALDI Redbank Plains"
        },
        {
            "city": "Beenleigh",
            "line1": "90 City Road",
            "postcode": "4207",
            "region": "QLD",
            "c_internalALDIID": "0368",
            "c_locationName": "ALDI Beenleigh"
        },
        {
            "city": "Kingaroy",
            "line1": "73 - 81 Youngman Street",
            "postcode": "4610",
            "region": "QLD",
            "c_internalALDIID": "1081",
            "c_locationName": "ALDI Kingaroy"
        },
        {
            "city": "Burleigh Heads",
            "line1": "149 West Burleigh Road",
            "postcode": "4220",
            "region": "QLD",
            "c_internalALDIID": "1762",
            "c_locationName": "ALDI Burleigh Heads"
        },
        {
            "city": "Torrington",
            "line1": "546 Bridge Street",
            "postcode": "4350",
            "region": "QLD",
            "c_internalALDIID": "2408",
            "c_locationName": "ALDI Torrington"
        },
        {
            "city": "Keperra",
            "line1": "Settlement Road 577",
            "postcode": "4054",
            "region": "QLD",
            "c_internalALDIID": "1597",
            "c_locationName": "ALDI Keperra"
        },
        {
            "city": "Maryborough",
            "line1": "340 Alice Street",
            "postcode": "4650",
            "region": "QLD",
            "c_internalALDIID": "0401",
            "c_locationName": "ALDI Maryborough"
        },
        {
            "city": "Pimpama",
            "line1": "102 Pimpama Jacobs Well Road",
            "postcode": "4209",
            "region": "QLD",
            "c_internalALDIID": "2214",
            "c_locationName": "ALDI Pimpama"
        },
        {
            "city": "Runaway Bay",
            "line1": "10 - 12 Lae Drive",
            "postcode": "4216",
            "region": "QLD",
            "c_internalALDIID": "1552",
            "c_locationName": "ALDI Runaway Bay"
        },
        {
            "city": "Browns Plains",
            "line1": "27 - 49 Browns Plains Road",
            "postcode": "4118",
            "region": "QLD",
            "c_internalALDIID": "0468",
            "c_locationName": "ALDI Browns Plains"
        },
        {
            "city": "Avoca",
            "line1": "123 Takalvan Street",
            "postcode": "4670",
            "region": "QLD",
            "c_internalALDIID": "2439",
            "c_locationName": "ALDI Avoca"
        },
        {
            "city": "Indooroopilly",
            "line1": "322 Moggill Road",
            "postcode": "4068",
            "region": "QLD",
            "c_internalALDIID": "2404",
            "c_locationName": "ALDI Indooroopilly"
        },
        {
            "city": "Plainland",
            "line1": "2 Endeavour Way",
            "postcode": "4341",
            "region": "QLD",
            "c_internalALDIID": "2260",
            "c_locationName": "ALDI Plainland"
        },
        {
            "city": "Robina",
            "line1": "Laver Drive 8",
            "postcode": "4226",
            "region": "QLD",
            "c_internalALDIID": "2487",
            "c_locationName": "ALDI Robina"
        },
        {
            "city": "Thuringowa",
            "line1": "13 Hervey Range Road",
            "postcode": "4817",
            "region": "QLD",
            "c_internalALDIID": "2519",
            "c_locationName": "ALDI Thuringowa"
        },
        {
            "city": "Flagstone",
            "line1": "Bushman Dr 1",
            "postcode": "4280",
            "region": "QLD",
            "c_internalALDIID": "2478",
            "c_locationName": "ALDI Flagstone"
        },
        {
            "city": "Andergrove",
            "line1": "1 Erie Street",
            "postcode": "4740",
            "region": "QLD",
            "c_internalALDIID": "2440",
            "c_locationName": "ALDI Andergrove"
        },
        {
            "city": "Capalaba",
            "line1": "7-45 Redland Bay Road",
            "postcode": "4157",
            "region": "QLD",
            "c_internalALDIID": "2516",
            "c_locationName": "ALDI Capalaba"
        },
        {
            "city": "Park Avenue",
            "line1": "120 - 331 Yaamba Road",
            "postcode": "4701",
            "region": "QLD",
            "c_internalALDIID": "2510",
            "c_locationName": "ALDI Park Avenue"
        }
    ]
}