{
    "state": "sa",
    "store_count": 46,
    "date": "08/06/2025",
    "stores": [
        {
            "city": "Evanston",
            "line1": "1 Tulloch Road",
            "postcode": "5116",
            "region": "SA",
            "c_internalALDIID": "2241",
            "c_locationName": "ALDI Evanston"
        },
        {
            "city": "Kadina",
            "line1": "10 Frances Terrace",
            "postcode": "5554",
            "region": "SA",
            "c_internalALDIID": "2433",
            "c_locationName": "ALDI Kadina"
        },
        {
            "city": "Parafield Gardens",
            "line1": "88 - 94 Lavender Drive",
            "postcode": "5107",
            "region": "SA",
            "c_internalALDIID": "1913",
            "c_locationName": "ALDI Parafield Gardens"
        },
        {
            "city": "Hawthorn",
            "line1": "198 Belair Road",
            "postcode": "5062",
            "region": "SA",
            "c_internalALDIID": "2244",
            "c_locationName": "ALDI Hawthorn"
        },
        {
            "city": "Plympton",
            "line1": "Cnr Anzac Highway, Marion Road",
            "postcode": "5038",
            "region": "SA",
            "c_internalALDIID": "2456",
            "c_locationName": "ALDI Plympton"
        },
        {
            "city": "Norwood",
            "line1": "Magill Road 76",
            "postcode": "5067",
            "region": "SA",
            "c_internalALDIID": "2428",
            "c_locationName": "ALDI Norwood"
        },
        {
            "city": "Kilburn",
            "line1": "400 Churchill Road",
            "postcode": "5084",
            "region": "SA",
            "c_internalALDIID": "1915",
            "c_locationName": "ALDI Kilburn"
        },
        {
            "city": "Kensington Park",
            "line1": "Magill Road 398",
            "postcode": "5068",
            "region": "SA",
            "c_internalALDIID": "2102",
            "c_locationName": "ALDI Kensington Park"
        },
        {
            "city": "Mawson Lakes",
            "line1": "1 - 7 Main Street",
            "postcode": "5095",
            "region": "SA",
            "c_internalALDIID": "2281",
            "c_locationName": "ALDI Mawson Lakes"
        },
        {
            "city": "Mount Barker",
            "line1": "22-28 Hutchinson Street",
            "postcode": "5251",
            "region": "SA",
            "c_internalALDIID": "2126",
            "c_locationName": "ALDI Mount Barker"
        },
        {
            "city": "Port Pirie",
            "line1": "8 Wandearah Road",
            "postcode": "5540",
            "region": "SA",
            "c_internalALDIID": "2187",
            "c_locationName": "ALDI Port Pirie"
        },
        {
            "city": "Ingle Farm",
            "line1": "237 Montague Road",
            "postcode": "5098",
            "region": "SA",
            "c_internalALDIID": "2304",
            "c_locationName": "ALDI Ingle Farm"
        },
        {
            "city": "Newton",
            "line1": "Gorge Road 174 - 178",
            "postcode": "5074",
            "region": "SA",
            "c_internalALDIID": "2416",
            "c_locationName": "ALDI Newton"
        },
        {
            "city": "Port Adelaide",
            "line1": "Commercial Road 200 - 220",
            "postcode": "5015",
            "region": "SA",
            "c_internalALDIID": "2453",
            "c_locationName": "ALDI Port Adelaide"
        },
        {
            "city": "Murray Bridge",
            "line1": "105 - 109 Adelaide Road",
            "postcode": "5253",
            "region": "SA",
            "c_internalALDIID": "2196",
            "c_locationName": "ALDI Murray Bridge"
        },
        {
            "city": "Whyalla",
            "line1": "10 - 14 Ekblom Street",
            "postcode": "5608",
            "region": "SA",
            "c_internalALDIID": "2457",
            "c_locationName": "ALDI Whyalla"
        },
        {
            "city": "Blackwood",
            "line1": "198 - 200 Main Road",
            "postcode": "5051",
            "region": "SA",
            "c_internalALDIID": "2377",
            "c_locationName": "ALDI Blackwood"
        },
        {
            "city": "Berri",
            "line1": "32 Kay Avenue",
            "postcode": "5343",
            "region": "SA",
            "c_internalALDIID": "2110",
            "c_locationName": "ALDI Berri"
        },
        {
            "city": "Findon",
            "line1": "263 - 271 Grange Road",
            "postcode": "5023",
            "region": "SA",
            "c_internalALDIID": "2448",
            "c_locationName": "ALDI Findon"
        },
        {
            "city": "Golden Grove",
            "line1": "Cnr Helicon Drive, The Golden Way",
            "postcode": "5125",
            "region": "SA",
            "c_internalALDIID": "2221",
            "c_locationName": "ALDI Golden Grove"
        },
        {
            "city": "St Agnes",
            "line1": "1244 North East Road",
            "postcode": "5097",
            "region": "SA",
            "c_internalALDIID": "1991",
            "c_locationName": "ALDI St Agnes"
        },
        {
            "city": "Mt Gambier",
            "line1": "58 - 74 Commercial Street East",
            "postcode": "5290",
            "region": "SA",
            "c_internalALDIID": "2257",
            "c_locationName": "ALDI Mt Gambier"
        },
        {
            "city": "Salisbury",
            "line1": "41 - 49 Park Terrace",
            "postcode": "5108",
            "region": "SA",
            "c_internalALDIID": "2451",
            "c_locationName": "ALDI Salisbury"
        },
        {
            "city": "Adelaide",
            "line1": "Butler Boulevard 2",
            "postcode": "5950",
            "region": "SA",
            "c_internalALDIID": "2283",
            "c_locationName": "ALDI Adelaide"
        },
        {
            "city": "Victor Harbor",
            "line1": "56 - 60 Adelaide Road",
            "postcode": "5211",
            "region": "SA",
            "c_internalALDIID": "2113",
            "c_locationName": "ALDI Victor Harbor"
        },
        {
            "city": "Kilkenny",
            "line1": "470 Torrens Road",
            "postcode": "5009",
            "region": "SA",
            "c_internalALDIID": "1981",
            "c_locationName": "ALDI Kilkenny"
        },
        {
            "city": "Aldinga",
            "line1": "1 Main South Road",
            "postcode": "5173",
            "region": "SA",
            "c_internalALDIID": "2114",
            "c_locationName": "ALDI Aldinga"
        },
        {
            "city": "Nuriootpa",
            "line1": "1 Murray Street",
            "postcode": "5355",
            "region": "SA",
            "c_internalALDIID": "2168",
            "c_locationName": "ALDI Nuriootpa"
        },
        {
            "city": "Modbury",
            "line1": "972 - 976 North East Road",
            "postcode": "5092",
            "region": "SA",
            "c_internalALDIID": "2103",
            "c_locationName": "ALDI Modbury"
        },
        {
            "city": "Oaklands Park",
            "line1": "297 Diagonal Road",
            "postcode": "5046",
            "region": "SA",
            "c_internalALDIID": "1982",
            "c_locationName": "ALDI Oaklands Park"
        },
        {
            "city": "Smithfield",
            "line1": "12 George McCullum Road",
            "postcode": "5114",
            "region": "SA",
            "c_internalALDIID": "2167",
            "c_locationName": "ALDI Smithfield"
        },
        {
            "city": "Clovelly Park",
            "line1": "1160 South Road",
            "postcode": "5042",
            "region": "SA",
            "c_internalALDIID": "2452",
            "c_locationName": "ALDI Clovelly Park"
        },
        {
            "city": "Woodcroft",
            "line1": "201 Bains Road",
            "postcode": "5162",
            "region": "SA",
            "c_internalALDIID": "2048",
            "c_locationName": "ALDI Woodcroft"
        },
        {
            "city": "Hallett Cove",
            "line1": "246 Lonsdale Road",
            "postcode": "5158",
            "region": "SA",
            "c_internalALDIID": "1937",
            "c_locationName": "ALDI Hallett Cove"
        },
        {
            "city": "Noarlunga",
            "line1": "Cnr Beach Road, Goldsmith Drive",
            "postcode": "5168",
            "region": "SA",
            "c_internalALDIID": "1954",
            "c_locationName": "ALDI Noarlunga"
        },
        {
            "city": "Seaford Heights",
            "line1": "1 Vista Parade",
            "postcode": "5169",
            "region": "SA",
            "c_internalALDIID": "1919",
            "c_locationName": "ALDI Seaford Heights"
        },
        {
            "city": "Stirling",
            "line1": "3 - 5 Pomona Road",
            "postcode": "5152",
            "region": "SA",
            "c_internalALDIID": "2333",
            "c_locationName": "ALDI Stirling"
        },
        {
            "city": "Morphett Vale",
            "line1": "Sherriffs Road 90-108",
            "postcode": "5162",
            "region": "SA",
            "c_internalALDIID": "2213",
            "c_locationName": "ALDI Morphett Vale"
        },
        {
            "city": "Gilles Plains",
            "line1": "North East Road 575",
            "postcode": "5086",
            "region": "SA",
            "c_internalALDIID": "1914",
            "c_locationName": "ALDI Gilles Plains"
        },
        {
            "city": "West Lakes",
            "line1": "Frederick Road 44",
            "postcode": "5021",
            "region": "SA",
            "c_internalALDIID": "2223",
            "c_locationName": "ALDI West Lakes"
        },
        {
            "city": "Blakeview",
            "line1": "15 Main Terrace",
            "postcode": "5114",
            "region": "SA",
            "c_internalALDIID": "2006",
            "c_locationName": "ALDI Blakeview"
        },
        {
            "city": "Glenelg North",
            "line1": "Anzac Highway 601",
            "postcode": "5045",
            "region": "SA",
            "c_internalALDIID": "2463",
            "c_locationName": "ALDI Glenelg North"
        },
        {
            "city": "Glenunga",
            "line1": "Portrush Road 499 - 505",
            "postcode": "5064",
            "region": "SA",
            "c_internalALDIID": "2465",
            "c_locationName": "ALDI Glenunga"
        },
        {
            "city": "Prospect",
            "line1": "106 Main North Road",
            "postcode": "5082",
            "region": "SA",
            "c_internalALDIID": "2492",
            "c_locationName": "ALDI Prospect"
        },
        {
            "city": "Glynde",
            "line1": "19 - 29 Glynburn Road",
            "postcode": "5070",
            "region": "SA",
            "c_internalALDIID": "2471",
            "c_locationName": "ALDI Glynde"
        },
        {
            "city": "Munno Para West",
            "line1": "Curtis Road 440",
            "postcode": "5115",
            "region": "SA",
            "c_internalALDIID": "2493",
            "c_locationName": "ALDI Munno Para West"
        }
    ]
}